dateRep,countryterritoryCode,daily_vaccinations,daily_vaccinations_per_million,people_fully_vaccinated,total_vaccinations_per_hundred
2021-03-01,SWE,22355.0,2214.0,,
2021-03-02,SWE,22979.0,2275.0,,
2021-03-03,SWE,23602.0,2337.0,,
2021-03-04,SWE,24225.0,2399.0,,
2021-03-05,SWE,24848.0,2460.0,,
2021-03-06,SWE,25471.0,2522.0,,
2021-03-07,SWE,26094.0,2584.0,330089.0,10.19
2021-03-08,SWE,26808.0,2654.0,,
2021-03-09,SWE,27522.0,2725.0,,
2021-03-10,SWE,28236.0,2796.0,,
2021-03-11,SWE,28950.0,2867.0,,
2021-03-12,SWE,29664.0,2937.0,,
2021-03-13,SWE,30378.0,3008.0,,
2021-03-14,SWE,31092.0,3079.0,369491.0,12.35
2021-03-15,SWE,30191.0,2989.0,,
2021-03-16,SWE,29290.0,2900.0,,
2021-03-17,SWE,28389.0,2811.0,,
2021-03-18,SWE,27488.0,2722.0,,
2021-03-19,SWE,26587.0,2633.0,,
2021-03-20,SWE,25686.0,2543.0,,
2021-03-21,SWE,24786.0,2454.0,424403.0,14.06
2021-03-22,SWE,25241.0,2499.0,,
2021-03-23,SWE,25696.0,2544.0,,
2021-03-24,SWE,26151.0,2589.0,,
2021-03-25,SWE,26606.0,2634.0,,
2021-03-26,SWE,27061.0,2680.0,,
2021-03-27,SWE,27516.0,2725.0,,
2021-03-28,SWE,27971.0,2770.0,491905.0,16.0
2021-03-29,SWE,29339.0,2905.0,,
2021-03-30,SWE,30707.0,3041.0,,
2021-03-31,SWE,32075.0,3176.0,,
2021-04-01,SWE,33443.0,3311.0,,
2021-04-02,SWE,34811.0,3447.0,,
2021-04-03,SWE,36179.0,3582.0,,
2021-04-04,SWE,37547.0,3718.0,559037.0,18.61
2021-04-05,SWE,40458.0,4006.0,,
2021-04-06,SWE,43369.0,4294.0,,
2021-04-07,SWE,46279.0,4582.0,,
2021-04-08,SWE,49190.0,4871.0,,
2021-04-09,SWE,52101.0,5159.0,,
2021-04-10,SWE,55011.0,5447.0,,
2021-04-11,SWE,57922.0,5735.0,,
2021-04-12,SWE,57922.0,5735.0,,
2021-04-13,SWE,57922.0,5735.0,,
2021-04-14,SWE,57922.0,5735.0,,
2021-04-15,SWE,57922.0,5735.0,,
2021-04-16,SWE,57922.0,5735.0,,
2021-04-17,SWE,57922.0,5735.0,,
2021-04-18,SWE,57922.0,5735.0,715835.0,26.63
2021-04-19,SWE,58399.0,5782.0,,
2021-04-20,SWE,58876.0,5830.0,,
2021-04-21,SWE,59353.0,5877.0,,
2021-04-22,SWE,59830.0,5924.0,,
2021-04-23,SWE,60308.0,5972.0,,
2021-04-24,SWE,60785.0,6019.0,,
2021-04-25,SWE,61262.0,6066.0,753627.0,30.88
2021-04-26,SWE,60396.0,5980.0,,
2021-04-27,SWE,59531.0,5895.0,,
2021-04-28,SWE,58665.0,5809.0,,
2021-04-29,SWE,57800.0,5723.0,,
2021-04-30,SWE,56934.0,5637.0,,
2021-05-01,SWE,56069.0,5552.0,,
2021-05-02,SWE,55203.0,5466.0,780596.0,34.71
2021-05-03,SWE,46391.0,4594.0,,
2021-05-04,SWE,37579.0,3721.0,,
2021-05-05,SWE,28766.0,2848.0,775438.0,34.51
2021-05-06,SWE,32007.0,3169.0,794198.0,35.29
2021-03-01,ESP,106220.0,2272.0,1266700.0,8.36
2021-03-02,ESP,110663.0,2367.0,1287002.0,8.68
2021-03-03,ESP,113276.0,2423.0,1308913.0,9.05
2021-03-04,ESP,123706.0,2646.0,1342485.0,9.56
2021-03-05,ESP,124505.0,2663.0,,
2021-03-06,ESP,125304.0,2680.0,,
2021-03-07,ESP,126104.0,2697.0,1383488.0,10.08
2021-03-08,ESP,134273.0,2872.0,1412236.0,10.37
2021-03-09,ESP,132884.0,2842.0,1447838.0,10.67
2021-03-10,ESP,134716.0,2881.0,1503258.0,11.06
2021-03-11,ESP,125884.0,2692.0,1583244.0,11.45
2021-03-12,ESP,124860.0,2671.0,,
2021-03-13,ESP,123835.0,2649.0,,
2021-03-14,ESP,122810.0,2627.0,,
2021-03-15,ESP,113750.0,2433.0,1693674.0,12.07
2021-03-16,ESP,107530.0,2300.0,1728537.0,12.28
2021-03-17,ESP,97854.0,2093.0,1804615.0,12.53
2021-03-18,ESP,91514.0,1957.0,1886813.0,12.82
2021-03-19,ESP,92814.0,1985.0,,
2021-03-20,ESP,94115.0,2013.0,,
2021-03-21,ESP,95416.0,2041.0,,
2021-03-22,ESP,96716.0,2069.0,2110868.0,13.52
2021-03-23,ESP,95283.0,2038.0,2156598.0,13.71
2021-03-24,ESP,109001.0,2331.0,2276233.0,14.16
2021-03-25,ESP,120910.0,2586.0,2392202.0,14.63
2021-03-26,ESP,141696.0,3031.0,2505842.0,15.12
2021-03-27,ESP,153965.0,3293.0,,
2021-03-28,ESP,166235.0,3555.0,,
2021-03-29,ESP,178504.0,3818.0,2604209.0,16.19
2021-03-30,ESP,189631.0,4056.0,2644076.0,16.55
2021-03-31,ESP,202152.0,4324.0,2721084.0,17.19
2021-04-01,ESP,214631.0,4591.0,2797015.0,17.84
2021-04-02,ESP,196858.0,4210.0,,
2021-04-03,ESP,187601.0,4012.0,2841148.0,18.28
2021-04-04,ESP,177533.0,3797.0,,
2021-04-05,ESP,167465.0,3582.0,2852806.0,18.7
2021-04-06,ESP,183484.0,3924.0,2902291.0,19.29
2021-04-07,ESP,188955.0,4041.0,2941831.0,20.01
2021-04-08,ESP,209911.0,4490.0,3020450.0,20.99
2021-04-09,ESP,255207.0,5458.0,3072109.0,21.88
2021-04-10,ESP,266803.0,5706.0,,
2021-04-11,ESP,279209.0,5972.0,,
2021-04-12,ESP,291615.0,6237.0,3108437.0,23.07
2021-04-13,ESP,293237.0,6272.0,3136091.0,23.68
2021-04-14,ESP,296889.0,6350.0,3185186.0,24.46
2021-04-15,ESP,296222.0,6336.0,3253537.0,25.42
2021-04-16,ESP,299847.0,6413.0,3328701.0,26.37
2021-04-17,ESP,298403.0,6382.0,,
2021-04-18,ESP,296959.0,6351.0,,
2021-04-19,ESP,295515.0,6321.0,3411914.0,27.49
2021-04-20,ESP,281054.0,6011.0,3452119.0,27.89
2021-04-21,ESP,294534.0,6300.0,3611606.0,28.87
2021-04-22,ESP,289268.0,6187.0,3768015.0,29.75
2021-04-23,ESP,276499.0,5914.0,3862789.0,30.51
2021-04-24,ESP,283722.0,6068.0,,
2021-04-25,ESP,290945.0,6223.0,3947465.0,31.47
2021-04-26,ESP,305867.0,6542.0,4020945.0,32.07
2021-04-27,ESP,333833.0,7140.0,4166758.0,32.89
2021-04-28,ESP,337423.0,7217.0,4413784.0,33.92
2021-04-29,ESP,350662.0,7500.0,4689766.0,35.0
2021-04-30,ESP,338524.0,7240.0,,
2021-05-01,ESP,345164.0,7382.0,,
2021-05-02,ESP,351805.0,7524.0,5113598.0,36.74
2021-05-03,ESP,348020.0,7444.0,5202297.0,37.28
2021-05-04,ESP,362672.0,7757.0,5394315.0,38.32
2021-05-05,ESP,375687.0,8035.0,5696827.0,39.55
2021-03-01,SVN,4182.0,2012.0,52365.0,8.55
2021-03-02,SVN,4275.0,2056.0,52376.0,8.65
2021-03-03,SVN,4340.0,2088.0,53260.0,9.01
2021-03-04,SVN,4391.0,2112.0,57829.0,9.55
2021-03-05,SVN,4752.0,2286.0,63513.0,10.05
2021-03-06,SVN,4897.0,2356.0,64107.0,10.14
2021-03-07,SVN,4897.0,2356.0,64107.0,10.14
2021-03-08,SVN,4992.0,2401.0,64501.0,10.23
2021-03-09,SVN,5279.0,2539.0,64996.0,10.43
2021-03-10,SVN,5588.0,2688.0,69920.0,10.89
2021-03-11,SVN,5969.0,2871.0,77770.0,11.56
2021-03-12,SVN,6426.0,3091.0,82881.0,12.21
2021-03-13,SVN,7339.0,3530.0,85041.0,12.61
2021-03-14,SVN,7340.0,3531.0,85041.0,12.61
2021-03-15,SVN,7314.0,3518.0,85334.0,12.69
2021-03-16,SVN,6867.0,3303.0,86115.0,12.74
2021-03-17,SVN,6373.0,3066.0,91800.0,13.04
2021-03-18,SVN,5818.0,2799.0,100190.0,13.52
2021-03-19,SVN,4957.0,2384.0,104662.0,13.88
2021-03-20,SVN,4371.0,2103.0,104841.0,14.08
2021-03-21,SVN,4371.0,2103.0,104841.0,14.08
2021-03-22,SVN,4300.0,2068.0,104850.0,14.14
2021-03-23,SVN,4757.0,2288.0,105162.0,14.34
2021-03-24,SVN,5296.0,2547.0,107742.0,14.82
2021-03-25,SVN,5912.0,2844.0,110268.0,15.51
2021-03-26,SVN,7128.0,3429.0,112550.0,16.28
2021-03-27,SVN,7558.0,3636.0,113043.0,16.63
2021-03-28,SVN,7738.0,3722.0,113046.0,16.69
2021-03-29,SVN,7739.0,3723.0,113053.0,16.74
2021-03-30,SVN,8256.0,3971.0,113370.0,17.12
2021-03-31,SVN,8929.0,4295.0,114676.0,17.83
2021-04-01,SVN,9637.0,4636.0,117337.0,18.76
2021-04-02,SVN,9057.0,4357.0,119425.0,19.33
2021-04-03,SVN,8452.0,4066.0,119444.0,19.47
2021-04-04,SVN,8499.0,4088.0,119446.0,19.55
2021-04-05,SVN,8338.0,4011.0,119446.0,19.55
2021-04-06,SVN,7615.0,3663.0,119806.0,19.69
2021-04-07,SVN,6404.0,3080.0,119826.0,19.98
2021-04-08,SVN,5836.0,2807.0,120476.0,20.72
2021-04-09,SVN,7013.0,3373.0,122161.0,21.69
2021-04-10,SVN,7894.0,3797.0,122290.0,22.13
2021-04-11,SVN,7898.0,3799.0,122303.0,22.21
2021-04-12,SVN,8163.0,3927.0,122506.0,22.3
2021-04-13,SVN,8305.0,3995.0,123230.0,22.48
2021-04-14,SVN,9085.0,4370.0,127060.0,23.04
2021-04-15,SVN,9659.0,4646.0,136999.0,23.97
2021-04-16,SVN,8791.0,4229.0,142657.0,24.65
2021-04-17,SVN,8357.0,4020.0,146294.0,24.95
2021-04-18,SVN,8308.0,3996.0,146301.0,25.01
2021-04-19,SVN,8428.0,4054.0,146674.0,25.14
2021-04-20,SVN,8838.0,4251.0,148129.0,25.46
2021-04-21,SVN,9579.0,4608.0,157182.0,26.27
2021-04-22,SVN,9652.0,4643.0,168953.0,27.22
2021-04-23,SVN,10153.0,4884.0,175698.0,28.07
2021-04-24,SVN,9693.0,4662.0,176123.0,28.21
2021-04-25,SVN,9607.0,4621.0,176140.0,28.24
2021-04-26,SVN,9277.0,4462.0,176147.0,28.26
2021-04-27,SVN,8391.0,4036.0,176152.0,28.28
2021-04-28,SVN,7111.0,3421.0,180776.0,28.66
2021-04-29,SVN,6974.0,3355.0,193765.0,29.57
2021-04-30,SVN,7433.0,3575.0,208360.0,30.57
2021-05-01,SVN,8007.0,3851.0,214257.0,30.91
2021-05-02,SVN,8401.0,4041.0,216406.0,31.07
2021-05-03,SVN,9416.0,4529.0,219206.0,31.43
2021-05-04,SVN,10751.0,5171.0,221838.0,31.9
2021-05-05,SVN,12120.0,5830.0,229504.0,32.74
2021-05-06,SVN,13230.0,6364.0,241256.0,34.03
2021-03-01,SVK,11451.0,2097.0,142891.0,8.54
2021-03-02,SVK,11817.0,2164.0,152573.0,8.82
2021-03-03,SVK,11869.0,2174.0,161671.0,9.06
2021-03-04,SVK,12150.0,2225.0,170353.0,9.3
2021-03-05,SVK,12123.0,2220.0,177579.0,9.53
2021-03-06,SVK,13715.0,2512.0,179637.0,9.92
2021-03-07,SVK,14725.0,2697.0,179829.0,10.15
2021-03-08,SVK,14535.0,2662.0,188485.0,10.4
2021-03-09,SVK,13782.0,2524.0,195262.0,10.58
2021-03-10,SVK,13413.0,2457.0,202020.0,10.78
2021-03-11,SVK,14173.0,2596.0,208999.0,11.12
2021-03-12,SVK,15188.0,2782.0,215217.0,11.48
2021-03-13,SVK,15602.0,2858.0,217349.0,11.92
2021-03-14,SVK,16140.0,2956.0,217525.0,12.22
2021-03-15,SVK,16780.0,3073.0,221392.0,12.55
2021-03-16,SVK,18141.0,3323.0,224925.0,12.91
2021-03-17,SVK,19425.0,3558.0,228716.0,13.27
2021-03-18,SVK,19806.0,3628.0,232584.0,13.66
2021-03-19,SVK,19764.0,3620.0,238752.0,14.01
2021-03-20,SVK,19254.0,3527.0,240349.0,14.38
2021-03-21,SVK,19206.0,3518.0,241106.0,14.68
2021-03-22,SVK,19725.0,3613.0,244426.0,15.08
2021-03-23,SVK,20203.0,3700.0,249003.0,15.5
2021-03-24,SVK,20587.0,3771.0,253095.0,15.91
2021-03-25,SVK,20402.0,3737.0,256077.0,16.27
2021-03-26,SVK,20414.0,3739.0,258076.0,16.63
2021-03-27,SVK,19602.0,3590.0,258241.0,16.9
2021-03-28,SVK,18612.0,3409.0,258242.0,17.06
2021-03-29,SVK,18468.0,3383.0,259461.0,17.45
2021-03-30,SVK,18353.0,3362.0,262465.0,17.85
2021-03-31,SVK,18406.0,3371.0,264402.0,18.27
2021-04-01,SVK,18694.0,3424.0,266110.0,18.67
2021-04-02,SVK,16563.0,3034.0,266212.0,18.76
2021-04-03,SVK,16128.0,2954.0,266376.0,18.97
2021-04-04,SVK,15406.0,2822.0,266376.0,19.04
2021-04-05,SVK,12473.0,2285.0,266380.0,19.05
2021-04-06,SVK,12153.0,2226.0,269871.0,19.41
2021-04-07,SVK,12139.0,2223.0,272083.0,19.83
2021-04-08,SVK,12325.0,2257.0,280190.0,20.25
2021-04-09,SVK,15406.0,2822.0,289807.0,20.73
2021-04-10,SVK,16869.0,3090.0,290674.0,21.13
2021-04-11,SVK,19293.0,3534.0,291938.0,21.51
2021-04-12,SVK,22371.0,4098.0,302379.0,21.92
2021-04-13,SVK,22582.0,4136.0,314008.0,22.31
2021-04-14,SVK,22309.0,4086.0,325172.0,22.69
2021-04-15,SVK,22412.0,4105.0,337928.0,23.12
2021-04-16,SVK,22557.0,4132.0,350671.0,23.62
2021-04-17,SVK,23222.0,4253.0,351038.0,24.11
2021-04-18,SVK,21984.0,4027.0,351132.0,24.33
2021-04-19,SVK,21831.0,3999.0,362678.0,24.71
2021-04-20,SVK,21942.0,4019.0,376641.0,25.12
2021-04-21,SVK,22006.0,4031.0,390533.0,25.51
2021-04-22,SVK,21801.0,3993.0,404161.0,25.92
2021-04-23,SVK,21227.0,3888.0,419328.0,26.34
2021-04-24,SVK,20208.0,3701.0,426085.0,26.7
2021-04-25,SVK,21153.0,3874.0,431860.0,27.04
2021-04-26,SVK,22050.0,4039.0,450837.0,27.54
2021-04-27,SVK,21889.0,4009.0,466720.0,27.93
2021-04-28,SVK,21992.0,4028.0,482702.0,28.33
2021-04-29,SVK,22203.0,4067.0,499564.0,28.76
2021-04-30,SVK,22900.0,4194.0,509609.0,29.28
2021-05-01,SVK,24468.0,4482.0,513842.0,29.83
2021-05-02,SVK,24851.0,4552.0,517130.0,30.23
2021-05-03,SVK,23990.0,4394.0,519812.0,30.62
2021-05-04,SVK,24628.0,4511.0,534404.0,31.08
2021-05-05,SVK,24988.0,4577.0,552571.0,31.53
2021-05-06,SVK,25132.0,4603.0,566051.0,31.99
2021-03-01,ROU,22276.0,1158.0,618240.0,8.14
2021-03-02,ROU,23535.0,1223.0,619182.0,8.33
2021-03-03,ROU,25032.0,1301.0,619808.0,8.53
2021-03-04,ROU,28386.0,1476.0,627159.0,8.76
2021-03-05,ROU,32419.0,1685.0,636053.0,9.01
2021-03-06,ROU,37124.0,1930.0,644707.0,9.26
2021-03-07,ROU,41988.0,2183.0,652567.0,9.5
2021-03-08,ROU,43603.0,2267.0,657741.0,9.72
2021-03-09,ROU,45038.0,2341.0,663642.0,9.97
2021-03-10,ROU,46853.0,2435.0,672685.0,10.24
2021-03-11,ROU,47735.0,2481.0,682929.0,10.5
2021-03-12,ROU,48026.0,2496.0,693548.0,10.76
2021-03-13,ROU,48038.0,2497.0,704229.0,11.01
2021-03-14,ROU,47683.0,2479.0,713206.0,11.23
2021-03-15,ROU,48557.0,2524.0,722956.0,11.49
2021-03-16,ROU,50240.0,2612.0,738641.0,11.8
2021-03-17,ROU,50651.0,2633.0,751939.0,12.08
2021-03-18,ROU,50939.0,2648.0,760753.0,12.35
2021-03-19,ROU,51007.0,2651.0,767921.0,12.61
2021-03-20,ROU,51319.0,2668.0,772647.0,12.88
2021-03-21,ROU,51564.0,2680.0,775407.0,13.11
2021-03-22,ROU,51138.0,2658.0,798729.0,13.35
2021-03-23,ROU,50949.0,2648.0,826089.0,13.65
2021-03-24,ROU,51639.0,2684.0,854400.0,13.96
2021-03-25,ROU,52633.0,2736.0,883117.0,14.27
2021-03-26,ROU,53386.0,2775.0,911862.0,14.55
2021-03-27,ROU,54478.0,2832.0,943557.0,14.86
2021-03-28,ROU,55949.0,2908.0,973670.0,15.14
2021-03-29,ROU,56786.0,2952.0,1002464.0,15.42
2021-03-30,ROU,57609.0,2995.0,1039638.0,15.75
2021-03-31,ROU,57488.0,2988.0,1072985.0,16.05
2021-04-01,ROU,57306.0,2979.0,1105375.0,16.35
2021-04-02,ROU,57712.0,3000.0,1138301.0,16.65
2021-04-03,ROU,57266.0,2977.0,1168837.0,16.94
2021-04-04,ROU,56354.0,2929.0,1196714.0,17.19
2021-04-05,ROU,56199.0,2921.0,1226982.0,17.46
2021-04-06,ROU,54846.0,2851.0,1258049.0,17.75
2021-04-07,ROU,54429.0,2829.0,1288487.0,18.03
2021-04-08,ROU,54316.0,2823.0,1319863.0,18.33
2021-04-09,ROU,53790.0,2796.0,1351608.0,18.61
2021-04-10,ROU,54721.0,2844.0,1383993.0,18.93
2021-04-11,ROU,55957.0,2909.0,1412787.0,19.23
2021-04-12,ROU,57601.0,2994.0,1435730.0,19.56
2021-04-13,ROU,60693.0,3155.0,1466149.0,19.95
2021-04-14,ROU,64233.0,3339.0,1496942.0,20.37
2021-04-15,ROU,67552.0,3511.0,1527201.0,20.79
2021-04-16,ROU,71173.0,3700.0,1554994.0,21.2
2021-04-17,ROU,73921.0,3843.0,1581079.0,21.62
2021-04-18,ROU,76054.0,3953.0,1604904.0,22.0
2021-04-19,ROU,77824.0,4045.0,1631109.0,22.39
2021-04-20,ROU,79580.0,4137.0,1658351.0,22.85
2021-04-21,ROU,81246.0,4223.0,1686583.0,23.33
2021-04-22,ROU,82291.0,4278.0,1714422.0,23.78
2021-04-23,ROU,83829.0,4358.0,1743820.0,24.25
2021-04-24,ROU,85044.0,4421.0,1771490.0,24.72
2021-04-25,ROU,85784.0,4459.0,1794505.0,25.12
2021-04-26,ROU,86576.0,4500.0,1820634.0,25.54
2021-04-27,ROU,85971.0,4469.0,1850086.0,25.98
2021-04-28,ROU,84829.0,4410.0,1880343.0,26.41
2021-04-29,ROU,83831.0,4358.0,1909593.0,26.83
2021-04-30,ROU,82147.0,4270.0,1937033.0,27.24
2021-05-01,ROU,77910.0,4050.0,1963639.0,27.55
2021-05-02,ROU,72791.0,3784.0,1986669.0,27.77
2021-05-03,ROU,70757.0,3678.0,2029610.0,28.11
2021-05-04,ROU,70893.0,3685.0,2082630.0,28.56
2021-05-05,ROU,72403.0,3764.0,2138703.0,29.05
2021-05-06,ROU,75269.0,3913.0,2198691.0,29.57
2021-03-01,PRT,28027.0,2749.0,280198.0,8.94
2021-03-02,PRT,28329.0,2778.0,281548.0,9.1
2021-03-03,PRT,26801.0,2628.0,283213.0,9.25
2021-03-04,PRT,26330.0,2582.0,288246.0,9.53
2021-03-05,PRT,26096.0,2559.0,294055.0,9.95
2021-03-06,PRT,25948.0,2545.0,302662.0,10.34
2021-03-07,PRT,24966.0,2448.0,306815.0,10.51
2021-03-08,PRT,24370.0,2390.0,312410.0,10.61
2021-03-09,PRT,23631.0,2318.0,314588.0,10.72
2021-03-10,PRT,22956.0,2251.0,316494.0,10.83
2021-03-11,PRT,22295.0,2186.0,325492.0,11.06
2021-03-12,PRT,21163.0,2075.0,339795.0,11.41
2021-03-13,PRT,20283.0,1989.0,353267.0,11.74
2021-03-14,PRT,20160.0,1977.0,358632.0,11.9
2021-03-15,PRT,21000.0,2059.0,364225.0,12.06
2021-03-16,PRT,22997.0,2255.0,367240.0,12.3
2021-03-17,PRT,22499.0,2206.0,373187.0,12.37
2021-03-18,PRT,24037.0,2357.0,395084.0,12.71
2021-03-19,PRT,25487.0,2500.0,428437.0,13.16
2021-03-20,PRT,27082.0,2656.0,456412.0,13.6
2021-03-21,PRT,28049.0,2751.0,469322.0,13.82
2021-03-22,PRT,27529.0,2700.0,474852.0,13.95
2021-03-23,PRT,26494.0,2598.0,482484.0,14.12
2021-03-24,PRT,28609.0,2806.0,484556.0,14.34
2021-03-25,PRT,29758.0,2918.0,488163.0,14.75
2021-03-26,PRT,33495.0,3285.0,492667.0,15.46
2021-03-27,PRT,31474.0,3087.0,495123.0,15.76
2021-03-28,PRT,37238.0,3652.0,496641.0,16.38
2021-03-29,PRT,39592.0,3883.0,497848.0,16.66
2021-03-30,PRT,40423.0,3964.0,500476.0,16.89
2021-03-31,PRT,41657.0,4085.0,504072.0,17.2
2021-04-01,PRT,38969.0,3822.0,513779.0,17.43
2021-04-02,PRT,40662.0,3988.0,555827.0,18.25
2021-04-03,PRT,41337.0,4054.0,572583.0,18.59
2021-04-04,PRT,34840.0,3417.0,579706.0,18.77
2021-04-05,PRT,31654.0,3104.0,582093.0,18.84
2021-04-06,PRT,32953.0,3232.0,588013.0,19.16
2021-04-07,PRT,34206.0,3355.0,591095.0,19.55
2021-04-08,PRT,39659.0,3889.0,601534.0,20.15
2021-04-09,PRT,37832.0,3710.0,616540.0,20.84
2021-04-10,PRT,42707.0,4188.0,629125.0,21.53
2021-04-11,PRT,41990.0,4118.0,631231.0,21.65
2021-04-12,PRT,43922.0,4307.0,635435.0,21.85
2021-04-13,PRT,43827.0,4298.0,637597.0,22.17
2021-04-14,PRT,44472.0,4361.0,639377.0,22.6
2021-04-15,PRT,44715.0,4385.0,650270.0,23.22
2021-04-16,PRT,44594.0,4373.0,660401.0,23.91
2021-04-17,PRT,44342.0,4349.0,680356.0,24.57
2021-04-18,PRT,59472.0,5832.0,685286.0,25.74
2021-04-19,PRT,68291.0,6697.0,690331.0,26.54
2021-04-20,PRT,68346.0,6703.0,701498.0,26.86
2021-04-21,PRT,67486.0,6618.0,710474.0,27.23
2021-04-22,PRT,66103.0,6483.0,734361.0,27.76
2021-04-23,PRT,65841.0,6457.0,773692.0,28.43
2021-04-24,PRT,67235.0,6594.0,811627.0,29.19
2021-04-25,PRT,56492.0,5540.0,823909.0,29.61
2021-04-26,PRT,49698.0,4874.0,828809.0,29.95
2021-04-27,PRT,52060.0,5106.0,837426.0,30.43
2021-04-28,PRT,53655.0,5262.0,847626.0,30.92
2021-04-29,PRT,56356.0,5527.0,866484.0,31.63
2021-04-30,PRT,58213.0,5709.0,884715.0,32.42
2021-05-01,PRT,59462.0,5831.0,901743.0,33.27
2021-05-02,PRT,60589.0,5942.0,911187.0,33.77
2021-05-03,PRT,61529.0,6034.0,916311.0,34.18
2021-05-04,PRT,63838.0,6261.0,929927.0,34.81
2021-05-05,PRT,67798.0,6649.0,946836.0,35.57
2021-05-06,PRT,70392.0,6903.0,989208.0,36.46
2021-03-01,POL,89141.0,2355.0,1192900.0,8.94
2021-03-02,POL,89473.0,2364.0,,
2021-03-03,POL,89805.0,2373.0,1281179.0,9.56
2021-03-04,POL,94476.0,2496.0,1366648.0,10.02
2021-03-05,POL,85933.0,2271.0,,
2021-03-06,POL,92574.0,2446.0,1424715.0,10.44
2021-03-07,POL,91652.0,2422.0,,
2021-03-08,POL,88758.0,2345.0,1434640.0,10.58
2021-03-09,POL,83642.0,2210.0,1445170.0,10.8
2021-03-10,POL,88535.0,2339.0,,
2021-03-11,POL,85668.0,2264.0,1555400.0,11.6
2021-03-12,POL,87990.0,2325.0,1595520.0,11.86
2021-03-13,POL,80919.0,2138.0,1602745.0,11.94
2021-03-14,POL,78981.0,2087.0,1606154.0,11.97
2021-03-15,POL,78904.0,2085.0,1610293.0,12.04
2021-03-16,POL,74152.0,1959.0,1621287.0,12.17
2021-03-17,POL,71406.0,1887.0,1664524.0,12.52
2021-03-18,POL,71723.0,1895.0,1730349.0,12.93
2021-03-19,POL,70889.0,1873.0,1769770.0,13.17
2021-03-20,POL,70947.0,1875.0,1780169.0,13.25
2021-03-21,POL,70771.0,1870.0,1783720.0,13.28
2021-03-22,POL,74410.0,1966.0,1788446.0,13.42
2021-03-23,POL,83987.0,2219.0,1808008.0,13.72
2021-03-24,POL,91832.0,2426.0,1857517.0,14.22
2021-03-25,POL,96474.0,2549.0,,
2021-03-26,POL,110294.0,2914.0,1969905.0,15.21
2021-03-27,POL,114986.0,3038.0,,
2021-03-28,POL,122343.0,3233.0,1992611.0,15.54
2021-03-29,POL,129182.0,3413.0,,
2021-03-30,POL,126856.0,3352.0,2019040.0,16.07
2021-03-31,POL,127036.0,3357.0,2039663.0,16.57
2021-04-01,POL,127733.0,3375.0,2058204.0,17.08
2021-04-02,POL,122753.0,3243.0,2070003.0,17.48
2021-04-03,POL,116828.0,3087.0,,
2021-04-04,POL,110904.0,2930.0,2073334.0,17.59
2021-04-05,POL,97597.0,2579.0,2074033.0,17.61
2021-04-06,POL,107242.0,2834.0,,
2021-04-07,POL,104097.0,2750.0,2090058.0,18.49
2021-04-08,POL,114380.0,3022.0,2096185.0,19.19
2021-04-09,POL,119218.0,3150.0,,
2021-04-10,POL,142629.0,3769.0,2105550.0,20.17
2021-04-11,POL,146958.0,3883.0,2106549.0,20.31
2021-04-12,POL,159857.0,4224.0,2113615.0,20.57
2021-04-13,POL,162521.0,4294.0,2137304.0,21.06
2021-04-14,POL,175405.0,4635.0,,
2021-04-15,POL,174484.0,4610.0,2248126.0,22.42
2021-04-16,POL,166557.0,4401.0,,
2021-04-17,POL,158630.0,4191.0,,
2021-04-18,POL,169784.0,4486.0,,
2021-04-19,POL,174594.0,4613.0,2307284.0,23.8
2021-04-20,POL,177179.0,4682.0,2341716.0,24.34
2021-04-21,POL,181118.0,4786.0,2415993.0,25.09
2021-04-22,POL,188879.0,4991.0,2495838.0,25.91
2021-04-23,POL,207781.0,5490.0,2543112.0,26.61
2021-04-24,POL,208737.0,5515.0,,
2021-04-25,POL,209694.0,5541.0,2578244.0,27.33
2021-04-26,POL,219361.0,5796.0,,
2021-04-27,POL,218536.0,5774.0,2746824.0,28.38
2021-04-28,POL,226579.0,5987.0,2852329.0,29.28
2021-04-29,POL,237691.0,6280.0,2872925.0,30.31
2021-04-30,POL,229174.0,6055.0,,
2021-05-01,POL,238603.0,6304.0,2959722.0,31.38
2021-05-02,POL,227494.0,6011.0,,
2021-05-03,POL,207674.0,5487.0,2977374.0,31.7
2021-05-04,POL,223591.0,5908.0,,
2021-05-05,POL,219065.0,5788.0,3308889.0,33.33
2021-05-06,POL,223364.0,5902.0,3451651.0,34.44
2021-03-01,NOR,15491.0,2857.0,168678.0,9.43
2021-03-02,NOR,15973.0,2946.0,172595.0,9.7
2021-03-03,NOR,16280.0,3003.0,191059.0,10.36
2021-03-04,NOR,15923.0,2937.0,209727.0,11.01
2021-03-05,NOR,15953.0,2943.0,216404.0,11.35
2021-03-06,NOR,15980.0,2948.0,216886.0,11.37
2021-03-07,NOR,15894.0,2932.0,216888.0,11.37
2021-03-08,NOR,15747.0,2905.0,216936.0,11.46
2021-03-09,NOR,16086.0,2967.0,221260.0,11.77
2021-03-10,NOR,16457.0,3036.0,238842.0,12.49
2021-03-11,NOR,15626.0,2882.0,255924.0,13.03
2021-03-12,NOR,14511.0,2677.0,264410.0,13.23
2021-03-13,NOR,14435.0,2663.0,264717.0,13.23
2021-03-14,NOR,14438.0,2663.0,264826.0,13.23
2021-03-15,NOR,13801.0,2546.0,265273.0,13.24
2021-03-16,NOR,12309.0,2271.0,265981.0,13.36
2021-03-17,NOR,10343.0,1908.0,267845.0,13.82
2021-03-18,NOR,9411.0,1736.0,269382.0,14.24
2021-03-19,NOR,8988.0,1658.0,270400.0,14.39
2021-03-20,NOR,9006.0,1661.0,270422.0,14.4
2021-03-21,NOR,9026.0,1665.0,270492.0,14.4
2021-03-22,NOR,9177.0,1693.0,270581.0,14.43
2021-03-23,NOR,10285.0,1897.0,271579.0,14.69
2021-03-24,NOR,12876.0,2375.0,275432.0,15.49
2021-03-25,NOR,15551.0,2869.0,277901.0,16.25
2021-03-26,NOR,17089.0,3152.0,279072.0,16.59
2021-03-27,NOR,17124.0,3159.0,279078.0,16.61
2021-03-28,NOR,17136.0,3161.0,279085.0,16.61
2021-03-29,NOR,17606.0,3248.0,279200.0,16.7
2021-03-30,NOR,20849.0,3846.0,283625.0,17.38
2021-03-31,NOR,21069.0,3886.0,291352.0,18.21
2021-04-01,NOR,16724.0,3085.0,292855.0,18.41
2021-04-02,NOR,14780.0,2726.0,293555.0,18.5
2021-04-03,NOR,14715.0,2714.0,293563.0,18.51
2021-04-04,NOR,14729.0,2717.0,293606.0,18.51
2021-04-05,NOR,14229.0,2625.0,293673.0,18.54
2021-04-06,NOR,12010.0,2215.0,296310.0,18.93
2021-04-07,NOR,14526.0,2679.0,300008.0,20.08
2021-04-08,NOR,21756.0,4013.0,304172.0,21.22
2021-04-09,NOR,25046.0,4620.0,304830.0,21.74
2021-04-10,NOR,25165.0,4642.0,304878.0,21.76
2021-04-11,NOR,25183.0,4645.0,304887.0,21.77
2021-04-12,NOR,25520.0,4707.0,304975.0,21.84
2021-04-13,NOR,26181.0,4829.0,305375.0,22.31
2021-04-14,NOR,27085.0,4996.0,306845.0,23.58
2021-04-15,NOR,27793.0,5127.0,308101.0,24.81
2021-04-16,NOR,28043.0,5173.0,308943.0,25.36
2021-04-17,NOR,28188.0,5200.0,309105.0,25.4
2021-04-18,NOR,28293.0,5219.0,309118.0,25.42
2021-04-19,NOR,28689.0,5292.0,309267.0,25.54
2021-04-20,NOR,27877.0,5142.0,310053.0,25.91
2021-04-21,NOR,26897.0,4961.0,312897.0,27.05
2021-04-22,NOR,25003.0,4612.0,315282.0,28.04
2021-04-23,NOR,23542.0,4343.0,316619.0,28.4
2021-04-24,NOR,23294.0,4297.0,316654.0,28.4
2021-04-25,NOR,23151.0,4270.0,316659.0,28.41
2021-04-26,NOR,22610.0,4171.0,317136.0,28.46
2021-04-27,NOR,23309.0,4300.0,323101.0,28.92
2021-04-28,NOR,26311.0,4853.0,347721.0,30.45
2021-04-29,NOR,29355.0,5415.0,368516.0,31.83
2021-04-30,NOR,31319.0,5777.0,376657.0,32.44
2021-05-01,NOR,31510.0,5812.0,376962.0,32.47
2021-05-02,NOR,31645.0,5837.0,377227.0,32.49
2021-05-03,NOR,31891.0,5883.0,378639.0,32.58
2021-05-04,NOR,31443.0,5800.0,390674.0,32.98
2021-05-05,NOR,30829.0,5687.0,428927.0,34.43
2021-05-06,NOR,30182.0,5567.0,464290.0,35.72
2021-03-01,NLD,48319.0,2820.0,,
2021-03-02,NLD,47302.0,2761.0,,
2021-03-03,NLD,46285.0,2701.0,,
2021-03-04,NLD,45268.0,2642.0,,
2021-03-05,NLD,44251.0,2583.0,,
2021-03-06,NLD,43234.0,2523.0,,
2021-03-07,NLD,42217.0,2464.0,359112.0,9.82
2021-03-08,NLD,42002.0,2451.0,,
2021-03-09,NLD,41788.0,2439.0,,
2021-03-10,NLD,41574.0,2426.0,,
2021-03-11,NLD,41360.0,2414.0,,
2021-03-12,NLD,41146.0,2401.0,,
2021-03-13,NLD,40932.0,2389.0,,
2021-03-14,NLD,40718.0,2376.0,444946.0,11.49
2021-03-15,NLD,39266.0,2292.0,,
2021-03-16,NLD,37814.0,2207.0,,
2021-03-17,NLD,36362.0,2122.0,,
2021-03-18,NLD,34910.0,2037.0,,
2021-03-19,NLD,33458.0,1953.0,,
2021-03-20,NLD,32006.0,1868.0,,
2021-03-21,NLD,30554.0,1783.0,570422.0,12.73
2021-03-22,NLD,32276.0,1884.0,,
2021-03-23,NLD,33999.0,1984.0,,
2021-03-24,NLD,35721.0,2085.0,,
2021-03-25,NLD,37444.0,2185.0,,
2021-03-26,NLD,39166.0,2286.0,,
2021-03-27,NLD,40889.0,2386.0,,
2021-03-28,NLD,42611.0,2487.0,667925.0,14.48
2021-03-29,NLD,45746.0,2670.0,,
2021-03-30,NLD,48881.0,2853.0,,
2021-03-31,NLD,52017.0,3036.0,,
2021-04-01,NLD,55152.0,3219.0,,
2021-04-02,NLD,58287.0,3402.0,,
2021-04-03,NLD,61422.0,3585.0,,
2021-04-04,NLD,64557.0,3768.0,775819.0,17.11
2021-04-05,NLD,68382.0,3991.0,,
2021-04-06,NLD,72207.0,4214.0,,
2021-04-07,NLD,76033.0,4437.0,,
2021-04-08,NLD,79858.0,4661.0,,
2021-04-09,NLD,83683.0,4884.0,,
2021-04-10,NLD,87508.0,5107.0,,
2021-04-11,NLD,91334.0,5330.0,903495.0,20.84
2021-04-12,NLD,94486.0,5514.0,,
2021-04-13,NLD,97639.0,5698.0,,
2021-04-14,NLD,100792.0,5882.0,,
2021-04-15,NLD,103945.0,6066.0,,
2021-04-16,NLD,107097.0,6250.0,,
2021-04-17,NLD,110250.0,6434.0,,
2021-04-18,NLD,113403.0,6618.0,994073.0,25.48
2021-04-19,NLD,110144.0,6428.0,,
2021-04-20,NLD,106884.0,6238.0,,
2021-04-21,NLD,103625.0,6048.0,,
2021-04-22,NLD,100366.0,5857.0,,
2021-04-23,NLD,97107.0,5667.0,,
2021-04-24,NLD,93848.0,5477.0,,
2021-04-25,NLD,90589.0,5287.0,1120307.0,29.18
2021-04-26,NLD,91088.0,5316.0,,
2021-04-27,NLD,91587.0,5345.0,,
2021-04-28,NLD,92087.0,5374.0,,
2021-04-29,NLD,92586.0,5403.0,,
2021-04-30,NLD,93086.0,5433.0,,
2021-05-01,NLD,93585.0,5462.0,,
2021-05-02,NLD,94085.0,5491.0,1251744.0,33.02
2021-05-03,NLD,97215.0,5674.0,,
2021-05-04,NLD,100345.0,5856.0,,
2021-05-05,NLD,103476.0,6039.0,,
2021-05-06,NLD,106606.0,6222.0,,
2021-03-01,MLT,2221.0,5030.0,29021.0,18.54
2021-03-02,MLT,2193.0,4967.0,29748.0,19.05
2021-03-03,MLT,2185.0,4949.0,30329.0,19.67
2021-03-04,MLT,2329.0,5275.0,31034.0,20.37
2021-03-05,MLT,2378.0,5386.0,31710.0,21.02
2021-03-06,MLT,2562.0,5802.0,32420.0,21.72
2021-03-07,MLT,2606.0,5902.0,32862.0,22.16
2021-03-08,MLT,2842.0,6437.0,34181.0,23.05
2021-03-09,MLT,3041.0,6887.0,35093.0,23.87
2021-03-10,MLT,3160.0,7157.0,36246.0,24.68
2021-03-11,MLT,3330.0,7542.0,37182.0,25.65
2021-03-12,MLT,3474.0,7868.0,38333.0,26.53
2021-03-13,MLT,3453.0,7820.0,39099.0,27.19
2021-03-14,MLT,3500.0,7927.0,39695.0,27.71
2021-03-15,MLT,3500.0,7927.0,40681.0,28.6
2021-03-16,MLT,3635.0,8233.0,40859.0,29.64
2021-03-17,MLT,3557.0,8056.0,41621.0,30.32
2021-03-18,MLT,3572.0,8090.0,42557.0,31.31
2021-03-19,MLT,3316.0,7510.0,43267.0,31.78
2021-03-20,MLT,3299.0,7472.0,43919.0,32.42
2021-03-21,MLT,3367.0,7626.0,44483.0,33.05
2021-03-22,MLT,3517.0,7965.0,45286.0,34.18
2021-03-23,MLT,3545.0,8029.0,46140.0,35.26
2021-03-24,MLT,3770.0,8538.0,47081.0,36.3
2021-03-25,MLT,3977.0,9007.0,48933.0,37.62
2021-03-26,MLT,4506.0,10205.0,50050.0,38.93
2021-03-27,MLT,4778.0,10821.0,50557.0,40.0
2021-03-28,MLT,4950.0,11211.0,51237.0,40.9
2021-03-29,MLT,5031.0,11394.0,52340.0,42.15
2021-03-30,MLT,5148.0,11659.0,53540.0,43.42
2021-03-31,MLT,5303.0,12010.0,54578.0,44.7
2021-04-01,MLT,5350.0,12117.0,55597.0,46.1
2021-04-02,MLT,5313.0,12033.0,57123.0,47.35
2021-04-03,MLT,5122.0,11600.0,58004.0,48.12
2021-04-04,MLT,5016.0,11360.0,59032.0,48.85
2021-04-05,MLT,4721.0,10692.0,60096.0,49.64
2021-04-06,MLT,4472.0,10128.0,61111.0,50.51
2021-04-07,MLT,4318.0,9779.0,63114.0,51.55
2021-04-08,MLT,4112.0,9313.0,65205.0,52.62
2021-04-09,MLT,4106.0,9299.0,67491.0,53.86
2021-04-10,MLT,4074.0,9227.0,69306.0,54.58
2021-04-11,MLT,4145.0,9388.0,71481.0,55.42
2021-04-12,MLT,4320.0,9784.0,74053.0,56.48
2021-04-13,MLT,4552.0,10309.0,76593.0,57.73
2021-04-14,MLT,4524.0,10246.0,78139.0,58.72
2021-04-15,MLT,4618.0,10459.0,80671.0,59.94
2021-04-16,MLT,4565.0,10339.0,82486.0,61.1
2021-04-17,MLT,4808.0,10889.0,84152.0,62.2
2021-04-18,MLT,4543.0,10289.0,84933.0,62.63
2021-04-19,MLT,4777.0,10819.0,87770.0,64.06
2021-04-20,MLT,4845.0,10973.0,90173.0,65.41
2021-04-21,MLT,5188.0,11750.0,93727.0,66.94
2021-04-22,MLT,5277.0,11951.0,96631.0,68.31
2021-04-23,MLT,5410.0,12253.0,98677.0,69.67
2021-04-24,MLT,5274.0,11945.0,99574.0,70.56
2021-04-25,MLT,5252.0,11895.0,100686.0,70.95
2021-04-26,MLT,5124.0,11605.0,102535.0,72.18
2021-04-27,MLT,4932.0,11170.0,103882.0,73.23
2021-04-28,MLT,4478.0,10142.0,104464.0,74.04
2021-04-29,MLT,4263.0,9655.0,105628.0,75.06
2021-04-30,MLT,4030.0,9127.0,107038.0,76.06
2021-05-01,MLT,4024.0,9114.0,108216.0,76.94
2021-05-02,MLT,4090.0,9263.0,108716.0,77.44
2021-05-03,MLT,4035.0,9138.0,109933.0,78.58
2021-05-04,MLT,4157.0,9415.0,111318.0,79.82
2021-05-05,MLT,4642.0,10513.0,112731.0,81.4
2021-05-06,MLT,4923.0,11150.0,115333.0,82.87
2021-03-01,LUX,1028.0,1642.0,11466.0,6.25
2021-03-02,LUX,1013.0,1618.0,11984.0,6.46
2021-03-03,LUX,1051.0,1679.0,12717.0,6.73
2021-03-04,LUX,1157.0,1848.0,13448.0,7.06
2021-03-05,LUX,1196.0,1911.0,,
2021-03-06,LUX,1235.0,1973.0,,
2021-03-07,LUX,1274.0,2035.0,14118.0,7.46
2021-03-08,LUX,1199.0,1915.0,14277.0,7.59
2021-03-09,LUX,1214.0,1939.0,14431.0,7.82
2021-03-10,LUX,1334.0,2131.0,14764.0,8.22
2021-03-11,LUX,1528.0,2441.0,15307.0,8.76
2021-03-12,LUX,1606.0,2566.0,,
2021-03-13,LUX,1684.0,2690.0,,
2021-03-14,LUX,1763.0,2816.0,15569.0,9.43
2021-03-15,LUX,1867.0,2983.0,15852.0,9.68
2021-03-16,LUX,2158.0,3447.0,16470.0,10.23
2021-03-17,LUX,2242.0,3582.0,16934.0,10.73
2021-03-18,LUX,2211.0,3532.0,17469.0,11.24
2021-03-19,LUX,2198.0,3511.0,,
2021-03-20,LUX,2185.0,3491.0,,
2021-03-21,LUX,2172.0,3470.0,17872.0,11.86
2021-03-22,LUX,2135.0,3411.0,18126.0,12.07
2021-03-23,LUX,1990.0,3179.0,18687.0,12.46
2021-03-24,LUX,1882.0,3007.0,19302.0,12.83
2021-03-25,LUX,1759.0,2810.0,19841.0,13.2
2021-03-26,LUX,1907.0,3046.0,,
2021-03-27,LUX,2056.0,3284.0,,
2021-03-28,LUX,2204.0,3521.0,21071.0,14.33
2021-03-29,LUX,2228.0,3559.0,,
2021-03-30,LUX,2082.0,3326.0,21663.0,14.79
2021-03-31,LUX,2190.0,3499.0,22505.0,15.28
2021-04-01,LUX,2386.0,3812.0,23494.0,15.87
2021-04-02,LUX,2394.0,3824.0,,
2021-04-03,LUX,2401.0,3836.0,,
2021-04-04,LUX,2409.0,3848.0,,
2021-04-05,LUX,2544.0,4064.0,25288.0,17.4
2021-04-06,LUX,2884.0,4607.0,26408.0,18.01
2021-04-07,LUX,3069.0,4903.0,28420.0,18.71
2021-04-08,LUX,3228.0,5157.0,30879.0,19.48
2021-04-09,LUX,3282.0,5243.0,,
2021-04-10,LUX,3337.0,5331.0,,
2021-04-11,LUX,3391.0,5417.0,34225.0,20.81
2021-04-12,LUX,3736.0,5968.0,35103.0,21.58
2021-04-13,LUX,4084.0,6524.0,37787.0,22.58
2021-04-14,LUX,4340.0,6933.0,40352.0,23.57
2021-04-15,LUX,4495.0,7181.0,42986.0,24.51
2021-04-16,LUX,4607.0,7360.0,,
2021-04-17,LUX,4719.0,7539.0,,
2021-04-18,LUX,4830.0,7716.0,45973.0,26.21
2021-04-19,LUX,4346.0,6943.0,46256.0,26.44
2021-04-20,LUX,3625.0,5791.0,46416.0,26.63
2021-04-21,LUX,3218.0,5141.0,46901.0,27.16
2021-04-22,LUX,2819.0,4503.0,47414.0,27.66
2021-04-23,LUX,2580.0,4122.0,,
2021-04-24,LUX,2341.0,3740.0,,
2021-04-25,LUX,2101.0,3356.0,48210.0,28.56
2021-04-26,LUX,2139.0,3417.0,48621.0,28.83
2021-04-27,LUX,2169.0,3465.0,49227.0,29.06
2021-04-28,LUX,2349.0,3753.0,50027.0,29.79
2021-04-29,LUX,2609.0,4168.0,50924.0,30.58
2021-04-30,LUX,2775.0,4433.0,,
2021-05-01,LUX,2941.0,4698.0,,
2021-05-02,LUX,3107.0,4963.0,52103.0,32.04
2021-05-03,LUX,3746.0,5984.0,54558.0,33.02
2021-05-04,LUX,4475.0,7149.0,57339.0,34.06
2021-05-05,LUX,4824.0,7706.0,59824.0,35.19
2021-05-06,LUX,5128.0,8192.0,61938.0,36.31
2021-03-01,LTU,7274.0,2672.0,73853.0,9.08
2021-03-02,LTU,7370.0,2707.0,74454.0,9.42
2021-03-03,LTU,7409.0,2722.0,76695.0,9.86
2021-03-04,LTU,7920.0,2909.0,81885.0,10.43
2021-03-05,LTU,8488.0,3118.0,86516.0,10.94
2021-03-06,LTU,8477.0,3114.0,86659.0,10.97
2021-03-07,LTU,8416.0,3092.0,86660.0,10.97
2021-03-08,LTU,8608.0,3162.0,87621.0,11.29
2021-03-09,LTU,8973.0,3296.0,88987.0,11.73
2021-03-10,LTU,9494.0,3488.0,91545.0,12.3
2021-03-11,LTU,7451.0,2737.0,92224.0,12.35
2021-03-12,LTU,8015.0,2944.0,99512.0,13.0
2021-03-13,LTU,8175.0,3003.0,100225.0,13.07
2021-03-14,LTU,8178.0,3004.0,100225.0,13.07
2021-03-15,LTU,8056.0,2959.0,101348.0,13.36
2021-03-16,LTU,7815.0,2871.0,106000.0,13.74
2021-03-17,LTU,7086.0,2603.0,113875.0,14.13
2021-03-18,LTU,8121.0,2983.0,119485.0,14.43
2021-03-19,LTU,6881.0,2528.0,125582.0,14.77
2021-03-20,LTU,6737.0,2475.0,125833.0,14.8
2021-03-21,LTU,6738.0,2475.0,125853.0,14.8
2021-03-22,LTU,6763.0,2484.0,127207.0,15.1
2021-03-23,LTU,7140.0,2623.0,132880.0,15.58
2021-03-24,LTU,8148.0,2993.0,138357.0,16.22
2021-03-25,LTU,9368.0,3441.0,145221.0,16.84
2021-03-26,LTU,10391.0,3817.0,151851.0,17.45
2021-03-27,LTU,10735.0,3943.0,151963.0,17.56
2021-03-28,LTU,10757.0,3951.0,152047.0,17.57
2021-03-29,LTU,10707.0,3933.0,154096.0,17.86
2021-03-30,LTU,10703.0,3932.0,160241.0,18.33
2021-03-31,LTU,11144.0,4094.0,167551.0,19.09
2021-04-01,LTU,11334.0,4163.0,170246.0,19.76
2021-04-02,LTU,11809.0,4338.0,177118.0,20.48
2021-04-03,LTU,12597.0,4627.0,177720.0,20.8
2021-04-04,LTU,12915.0,4744.0,177722.0,20.89
2021-04-05,LTU,12322.0,4526.0,177768.0,21.03
2021-04-06,LTU,12588.0,4624.0,180732.0,21.56
2021-04-07,LTU,11452.0,4207.0,181803.0,22.03
2021-04-08,LTU,12688.0,4661.0,186840.0,23.02
2021-04-09,LTU,14630.0,5374.0,190413.0,24.24
2021-04-10,LTU,15619.0,5737.0,190594.0,24.82
2021-04-11,LTU,15520.0,5701.0,190636.0,24.88
2021-04-12,LTU,16238.0,5965.0,191113.0,25.2
2021-04-13,LTU,16824.0,6180.0,194019.0,25.89
2021-04-14,LTU,18811.0,6910.0,200577.0,26.87
2021-04-15,LTU,18270.0,6711.0,205674.0,27.72
2021-04-16,LTU,16418.0,6031.0,210454.0,28.47
2021-04-17,LTU,14545.0,5343.0,210650.0,28.56
2021-04-18,LTU,14312.0,5257.0,210651.0,28.56
2021-04-19,LTU,13896.0,5105.0,211615.0,28.77
2021-04-20,LTU,13387.0,4918.0,216148.0,29.33
2021-04-21,LTU,13384.0,4916.0,228903.0,30.31
2021-04-22,LTU,13805.0,5071.0,239272.0,31.27
2021-04-23,LTU,14405.0,5291.0,247214.0,32.17
2021-04-24,LTU,14698.0,5399.0,247795.0,32.34
2021-04-25,LTU,14723.0,5408.0,247798.0,32.35
2021-04-26,LTU,14772.0,5426.0,249047.0,32.57
2021-04-27,LTU,14459.0,5311.0,250255.0,33.05
2021-04-28,LTU,12848.0,4720.0,251760.0,33.61
2021-04-29,LTU,13775.0,5060.0,271417.0,34.81
2021-04-30,LTU,15627.0,5740.0,297541.0,36.19
2021-05-01,LTU,17212.0,6323.0,306560.0,36.76
2021-05-02,LTU,17281.0,6348.0,307278.0,36.79
2021-05-03,LTU,18295.0,6720.0,311190.0,37.28
2021-05-04,LTU,20451.0,7512.0,328226.0,38.31
2021-05-05,LTU,23170.0,8511.0,350129.0,39.57
2021-05-06,LTU,23532.0,8644.0,370388.0,40.86
2021-03-01,LIE,83.0,2176.0,820.0,6.82
2021-03-02,LIE,54.0,1416.0,820.0,6.82
2021-03-03,LIE,72.0,1888.0,820.0,7.14
2021-03-04,LIE,73.0,1914.0,820.0,7.65
2021-03-05,LIE,75.0,1967.0,820.0,8.2
2021-03-06,LIE,75.0,1967.0,820.0,8.2
2021-03-07,LIE,75.0,1967.0,820.0,8.2
2021-03-08,LIE,75.0,1967.0,820.0,8.2
2021-03-09,LIE,105.0,2753.0,821.0,8.76
2021-03-10,LIE,117.0,3068.0,821.0,9.28
2021-03-11,LIE,123.0,3225.0,821.0,9.91
2021-03-12,LIE,93.0,2439.0,821.0,9.91
2021-03-13,LIE,93.0,2439.0,821.0,9.91
2021-03-14,LIE,93.0,2439.0,821.0,9.91
2021-03-15,LIE,94.0,2465.0,821.0,9.94
2021-03-16,LIE,95.0,2491.0,1021.0,10.5
2021-03-17,LIE,99.0,2596.0,1235.0,11.11
2021-03-18,LIE,84.0,2203.0,1354.0,11.45
2021-03-19,LIE,84.0,2203.0,1354.0,11.45
2021-03-20,LIE,84.0,2203.0,1354.0,11.45
2021-03-21,LIE,84.0,2203.0,1354.0,11.45
2021-03-22,LIE,111.0,2911.0,1555.0,11.98
2021-03-23,LIE,110.0,2884.0,1753.0,12.51
2021-03-24,LIE,111.0,2911.0,1753.0,13.14
2021-03-25,LIE,126.0,3304.0,1753.0,13.77
2021-03-26,LIE,161.0,4222.0,1753.0,14.4
2021-03-27,LIE,161.0,4222.0,1753.0,14.4
2021-03-28,LIE,161.0,4222.0,1753.0,14.4
2021-03-29,LIE,166.0,4353.0,1753.0,15.02
2021-03-30,LIE,172.0,4510.0,1762.0,15.68
2021-03-31,LIE,156.0,4091.0,1884.0,16.0
2021-04-01,LIE,150.0,3933.0,2081.0,16.51
2021-04-02,LIE,145.0,3802.0,2285.0,17.05
2021-04-03,LIE,145.0,3802.0,2285.0,17.05
2021-04-04,LIE,145.0,3802.0,2285.0,17.05
2021-04-05,LIE,111.0,2911.0,2285.0,17.05
2021-04-06,LIE,105.0,2753.0,2494.0,17.6
2021-04-07,LIE,116.0,3042.0,2693.0,18.13
2021-04-08,LIE,122.0,3199.0,2930.0,18.76
2021-04-09,LIE,130.0,3409.0,2930.0,19.44
2021-04-10,LIE,130.0,3409.0,2930.0,19.44
2021-04-11,LIE,130.0,3409.0,2930.0,19.44
2021-04-12,LIE,170.0,4458.0,2940.0,20.17
2021-04-13,LIE,179.0,4694.0,2951.0,20.89
2021-04-14,LIE,194.0,5087.0,2970.0,21.7
2021-04-15,LIE,203.0,5323.0,2982.0,22.48
2021-04-16,LIE,207.0,5428.0,2984.0,23.23
2021-04-17,LIE,207.0,5428.0,2984.0,23.23
2021-04-18,LIE,207.0,5428.0,2984.0,23.23
2021-04-19,LIE,246.0,6450.0,2990.0,24.7
2021-04-20,LIE,284.0,7447.0,2990.0,26.11
2021-04-21,LIE,312.0,8181.0,3228.0,27.42
2021-04-22,LIE,341.0,8941.0,3471.0,28.74
2021-04-23,LIE,371.0,9728.0,3705.0,30.04
2021-04-24,LIE,371.0,9728.0,3705.0,30.04
2021-04-25,LIE,371.0,9728.0,3705.0,30.04
2021-04-26,LIE,326.0,8548.0,3941.0,30.67
2021-04-27,LIE,284.0,7447.0,4173.0,31.32
2021-04-28,LIE,252.0,6608.0,4175.0,32.04
2021-04-29,LIE,218.0,5716.0,4177.0,32.75
2021-04-30,LIE,220.0,5769.0,4183.0,34.08
2021-05-01,LIE,220.0,5769.0,4183.0,34.08
2021-05-02,LIE,220.0,5769.0,4183.0,34.08
2021-05-03,LIE,226.0,5926.0,4183.0,34.81
2021-05-04,LIE,229.0,6005.0,4183.0,35.53
2021-05-05,LIE,230.0,6031.0,4184.0,36.26
2021-05-06,LIE,232.0,6083.0,4184.0,37.0
2021-03-01,LVA,2395.0,1270.0,17289.0,3.43
2021-03-02,LVA,2365.0,1254.0,17591.0,3.55
2021-03-03,LVA,2336.0,1238.0,17780.0,3.77
2021-03-04,LVA,2593.0,1375.0,17897.0,4.08
2021-03-05,LVA,2800.0,1484.0,18034.0,4.34
2021-03-06,LVA,2826.0,1498.0,18038.0,4.38
2021-03-07,LVA,2819.0,1495.0,18041.0,4.39
2021-03-08,LVA,2810.0,1490.0,18078.0,4.48
2021-03-09,LVA,2834.0,1502.0,18103.0,4.6
2021-03-10,LVA,2597.0,1377.0,18136.0,4.73
2021-03-11,LVA,2120.0,1124.0,18146.0,4.87
2021-03-12,LVA,2138.0,1133.0,18154.0,5.13
2021-03-13,LVA,2158.0,1144.0,18155.0,5.18
2021-03-14,LVA,2157.0,1144.0,18155.0,5.19
2021-03-15,LVA,2447.0,1297.0,18218.0,5.38
2021-03-16,LVA,2136.0,1132.0,18340.0,5.39
2021-03-17,LVA,1809.0,959.0,18445.0,5.4
2021-03-18,LVA,1470.0,779.0,18705.0,5.42
2021-03-19,LVA,863.0,458.0,18992.0,5.45
2021-03-20,LVA,789.0,418.0,18992.0,5.48
2021-03-21,LVA,783.0,415.0,18992.0,5.48
2021-03-22,LVA,624.0,331.0,19222.0,5.62
2021-03-23,LVA,1381.0,732.0,19610.0,5.91
2021-03-24,LVA,2229.0,1182.0,20293.0,6.23
2021-03-25,LVA,2958.0,1568.0,20968.0,6.51
2021-03-26,LVA,3429.0,1818.0,21664.0,6.73
2021-03-27,LVA,3453.0,1831.0,21989.0,6.76
2021-03-28,LVA,3453.0,1831.0,21989.0,6.76
2021-03-29,LVA,3380.0,1792.0,22383.0,6.87
2021-03-30,LVA,3314.0,1757.0,23091.0,7.14
2021-03-31,LVA,3259.0,1728.0,24320.0,7.44
2021-04-01,LVA,3081.0,1633.0,25031.0,7.66
2021-04-02,LVA,2590.0,1373.0,25031.0,7.69
2021-04-03,LVA,2989.0,1585.0,25099.0,7.87
2021-04-04,LVA,3216.0,1705.0,25099.0,7.95
2021-04-05,LVA,3323.0,1762.0,25100.0,8.1
2021-04-06,LVA,3372.0,1788.0,25597.0,8.39
2021-04-07,LVA,3864.0,2049.0,26070.0,8.87
2021-04-08,LVA,4281.0,2270.0,26337.0,9.25
2021-04-09,LVA,4892.0,2594.0,26521.0,9.5
2021-04-10,LVA,4649.0,2465.0,26603.0,9.59
2021-04-11,LVA,4429.0,2348.0,26603.0,9.6
2021-04-12,LVA,4365.0,2314.0,26660.0,9.72
2021-04-13,LVA,4126.0,2187.0,26726.0,9.92
2021-04-14,LVA,3716.0,1970.0,26964.0,10.25
2021-04-15,LVA,3555.0,1885.0,27629.0,10.57
2021-04-16,LVA,4152.0,2201.0,28280.0,11.04
2021-04-17,LVA,4801.0,2545.0,28378.0,11.37
2021-04-18,LVA,4921.0,2609.0,28378.0,11.42
2021-04-19,LVA,5136.0,2723.0,29017.0,11.63
2021-04-20,LVA,5653.0,2997.0,30923.0,12.02
2021-04-21,LVA,6196.0,3285.0,33898.0,12.55
2021-04-22,LVA,6742.0,3574.0,36365.0,13.07
2021-04-23,LVA,6981.0,3701.0,38384.0,13.64
2021-04-24,LVA,6958.0,3689.0,39041.0,13.96
2021-04-25,LVA,7022.0,3723.0,39070.0,14.03
2021-04-26,LVA,7103.0,3766.0,40923.0,14.27
2021-04-27,LVA,7116.0,3773.0,43785.0,14.66
2021-04-28,LVA,7742.0,4105.0,47432.0,15.42
2021-04-29,LVA,8387.0,4447.0,51457.0,16.18
2021-04-30,LVA,8477.0,4494.0,54055.0,16.78
2021-05-01,LVA,8599.0,4559.0,54567.0,17.15
2021-05-02,LVA,8632.0,4576.0,54597.0,17.23
2021-05-03,LVA,8398.0,4452.0,55488.0,17.38
2021-05-04,LVA,8599.0,4559.0,55627.0,17.85
2021-05-05,LVA,8841.0,4687.0,62821.0,18.71
2021-05-06,LVA,9795.0,5193.0,70948.0,19.82
2021-03-01,ITA,118986.0,1968.0,1447752.0,7.49
2021-03-02,ITA,126709.0,2096.0,1478377.0,7.76
2021-03-03,ITA,135814.0,2246.0,1520301.0,8.06
2021-03-04,ITA,145491.0,2406.0,1567488.0,8.39
2021-03-05,ITA,155029.0,2564.0,1619550.0,8.72
2021-03-06,ITA,162192.0,2683.0,1658604.0,9.02
2021-03-07,ITA,165485.0,2737.0,1678639.0,9.18
2021-03-08,ITA,171603.0,2838.0,1725997.0,9.48
2021-03-09,ITA,175982.0,2911.0,1775368.0,9.79
2021-03-10,ITA,179700.0,2972.0,1830084.0,10.14
2021-03-11,ITA,183022.0,3027.0,1889193.0,10.51
2021-03-12,ITA,183823.0,3040.0,1949964.0,10.85
2021-03-13,ITA,183732.0,3039.0,1998215.0,11.14
2021-03-14,ITA,184343.0,3049.0,2031364.0,11.32
2021-03-15,ITA,183319.0,3032.0,2101408.0,11.6
2021-03-16,ITA,176026.0,2911.0,2173721.0,11.83
2021-03-17,ITA,169368.0,2801.0,2254184.0,12.1
2021-03-18,ITA,161377.0,2669.0,2333232.0,12.37
2021-03-19,ITA,156552.0,2589.0,2411465.0,12.66
2021-03-20,ITA,156297.0,2585.0,2473343.0,12.95
2021-03-21,ITA,159750.0,2642.0,2518559.0,13.17
2021-03-22,ITA,162733.0,2691.0,2584222.0,13.48
2021-03-23,ITA,174404.0,2885.0,2655360.0,13.85
2021-03-24,ITA,186847.0,3090.0,2740658.0,14.27
2021-03-25,ITA,201350.0,3330.0,2823874.0,14.71
2021-03-26,ITA,214338.0,3545.0,2901775.0,15.15
2021-03-27,ITA,223593.0,3698.0,2968342.0,15.54
2021-03-28,ITA,228207.0,3774.0,3008692.0,15.81
2021-03-29,ITA,234909.0,3885.0,3074588.0,16.2
2021-03-30,ITA,241028.0,3986.0,3149795.0,16.64
2021-03-31,ITA,248068.0,4103.0,3240124.0,17.14
2021-04-01,ITA,250776.0,4148.0,3329547.0,17.61
2021-04-02,ITA,252748.0,4180.0,3408100.0,18.07
2021-04-03,ITA,251293.0,4156.0,3468132.0,18.45
2021-04-04,ITA,241893.0,4001.0,3488537.0,18.61
2021-04-05,ITA,232113.0,3839.0,3526298.0,18.89
2021-04-06,ITA,234684.0,3882.0,3601442.0,19.36
2021-04-07,ITA,237495.0,3928.0,3687557.0,19.89
2021-04-08,ITA,244440.0,4043.0,3775168.0,20.44
2021-04-09,ITA,252021.0,4168.0,3856570.0,20.99
2021-04-10,ITA,264963.0,4382.0,3924734.0,21.52
2021-04-11,ITA,280020.0,4631.0,3965803.0,21.85
2021-04-12,ITA,293648.0,4857.0,4027752.0,22.29
2021-04-13,ITA,294254.0,4867.0,4094698.0,22.77
2021-04-14,ITA,293964.0,4862.0,4174161.0,23.29
2021-04-15,ITA,296410.0,4902.0,4272280.0,23.87
2021-04-16,ITA,302854.0,5009.0,4371248.0,24.5
2021-04-17,ITA,308239.0,5098.0,4454246.0,25.09
2021-04-18,ITA,313905.0,5192.0,4507978.0,25.49
2021-04-19,ITA,320186.0,5296.0,4595403.0,26.0
2021-04-20,ITA,326675.0,5403.0,4692239.0,26.55
2021-04-21,ITA,334217.0,5528.0,4810726.0,27.16
2021-04-22,ITA,341008.0,5640.0,4945471.0,27.82
2021-04-23,ITA,344499.0,5698.0,5074861.0,28.48
2021-04-24,ITA,348439.0,5763.0,5191395.0,29.12
2021-04-25,ITA,352092.0,5823.0,5246866.0,29.56
2021-04-26,ITA,356871.0,5902.0,5337692.0,30.13
2021-04-27,ITA,362170.0,5990.0,5455603.0,30.74
2021-04-28,ITA,367021.0,6070.0,5601874.0,31.41
2021-04-29,ITA,385358.0,6374.0,5783895.0,32.28
2021-04-30,ITA,402629.0,6659.0,5985691.0,33.15
2021-05-01,ITA,409292.0,6769.0,6151579.0,33.86
2021-05-02,ITA,423883.0,7011.0,6280038.0,34.47
2021-05-03,ITA,433257.0,7166.0,6411857.0,35.15
2021-05-04,ITA,444034.0,7344.0,6556983.0,35.88
2021-05-05,ITA,454136.0,7511.0,6713570.0,36.67
2021-05-06,ITA,452291.0,7481.0,6896090.0,37.52
2021-03-01,IRL,12408.0,2513.0,142924.0,9.04
2021-03-02,IRL,12480.0,2527.0,144581.0,9.33
2021-03-03,IRL,12271.0,2485.0,,
2021-03-04,IRL,12049.0,2440.0,147617.0,10.0
2021-03-05,IRL,12465.0,2524.0,149721.0,10.4
2021-03-06,IRL,12453.0,2522.0,149920.0,10.59
2021-03-07,IRL,12284.0,2488.0,150247.0,10.65
2021-03-08,IRL,12878.0,2608.0,154089.0,10.87
2021-03-09,IRL,13218.0,2677.0,157072.0,11.2
2021-03-10,IRL,13305.0,2695.0,160729.0,11.55
2021-03-11,IRL,13663.0,2767.0,162693.0,11.94
2021-03-12,IRL,13369.0,2707.0,163812.0,12.29
2021-03-13,IRL,13266.0,2687.0,164345.0,12.47
2021-03-14,IRL,13040.0,2641.0,164496.0,12.5
2021-03-15,IRL,11995.0,2429.0,165398.0,12.57
2021-03-16,IRL,11314.0,2291.0,168859.0,12.81
2021-03-17,IRL,9885.0,2002.0,171258.0,12.95
2021-03-18,IRL,9248.0,1873.0,175526.0,13.25
2021-03-19,IRL,8804.0,1783.0,181063.0,13.54
2021-03-20,IRL,8573.0,1736.0,183840.0,13.69
2021-03-21,IRL,8995.0,1822.0,184191.0,13.77
2021-03-22,IRL,9981.0,2021.0,186653.0,13.98
2021-03-23,IRL,10998.0,2227.0,193548.0,14.37
2021-03-24,IRL,13299.0,2693.0,202694.0,14.84
2021-03-25,IRL,15131.0,3064.0,211223.0,15.39
2021-03-26,IRL,16863.0,3415.0,219546.0,15.93
2021-03-27,IRL,18079.0,3661.0,224861.0,16.25
2021-03-28,IRL,18075.0,3661.0,225684.0,16.33
2021-03-29,IRL,18461.0,3739.0,228988.0,16.6
2021-03-30,IRL,18745.0,3796.0,236759.0,17.02
2021-03-31,IRL,18969.0,3842.0,246457.0,17.53
2021-04-01,IRL,19030.0,3854.0,256412.0,18.09
2021-04-02,IRL,19616.0,3973.0,268586.0,18.71
2021-04-03,IRL,18546.0,3756.0,271524.0,18.88
2021-04-04,IRL,18580.0,3763.0,,
2021-04-05,IRL,17315.0,3507.0,273701.0,19.05
2021-04-06,IRL,17332.0,3510.0,282043.0,19.48
2021-04-07,IRL,21829.0,4421.0,301628.0,20.62
2021-04-08,IRL,19817.0,4013.0,,
2021-04-09,IRL,17434.0,3531.0,309922.0,21.18
2021-04-10,IRL,17496.0,3543.0,,
2021-04-11,IRL,18152.0,3676.0,314216.0,21.54
2021-04-12,IRL,19333.0,3915.0,317453.0,21.8
2021-04-13,IRL,19011.0,3850.0,325243.0,22.18
2021-04-14,IRL,14677.0,2972.0,331477.0,22.7
2021-04-15,IRL,17512.0,3547.0,,
2021-04-16,IRL,20348.0,4121.0,349710.0,24.07
2021-04-17,IRL,21324.0,4319.0,351874.0,24.38
2021-04-18,IRL,20685.0,4189.0,352947.0,24.47
2021-04-19,IRL,21214.0,4296.0,,
2021-04-20,IRL,20857.0,4224.0,362142.0,25.13
2021-04-21,IRL,22118.0,4479.0,371054.0,25.84
2021-04-22,IRL,23212.0,4701.0,382185.0,26.68
2021-04-23,IRL,24510.0,4964.0,393310.0,27.54
2021-04-24,IRL,25956.0,5257.0,398072.0,28.06
2021-04-25,IRL,27086.0,5485.0,399927.0,28.31
2021-04-26,IRL,27604.0,5590.0,403302.0,28.72
2021-04-27,IRL,30210.0,6118.0,411150.0,29.41
2021-04-28,IRL,30174.0,6111.0,419665.0,30.12
2021-04-29,IRL,30392.0,6155.0,,
2021-04-30,IRL,30408.0,6158.0,441821.0,31.85
2021-05-01,IRL,29448.0,5964.0,445326.0,32.24
2021-05-02,IRL,29512.0,5977.0,445561.0,32.5
2021-05-03,IRL,29133.0,5900.0,447578.0,32.85
2021-05-04,IRL,29062.0,5886.0,454493.0,33.53
2021-05-05,IRL,30621.0,6201.0,,
2021-05-06,IRL,31000.0,6278.0,479745.0,35.38
2021-03-01,ISL,846.0,2479.0,12600.0,9.87
2021-03-02,ISL,843.0,2470.0,12644.0,9.92
2021-03-03,ISL,975.0,2857.0,,
2021-03-04,ISL,1106.0,3241.0,12707.0,11.49
2021-03-05,ISL,1085.0,3179.0,12708.0,11.65
2021-03-06,ISL,1120.0,3282.0,,
2021-03-07,ISL,1156.0,3388.0,,
2021-03-08,ISL,1192.0,3493.0,12710.0,12.32
2021-03-09,ISL,1362.0,3991.0,,
2021-03-10,ISL,1171.0,3432.0,,
2021-03-11,ISL,979.0,2869.0,12763.0,13.5
2021-03-12,ISL,1016.0,2977.0,12844.0,13.73
2021-03-13,ISL,917.0,2687.0,,
2021-03-14,ISL,818.0,2397.0,,
2021-03-15,ISL,719.0,2107.0,12888.0,13.79
2021-03-16,ISL,758.0,2221.0,,
2021-03-17,ISL,798.0,2338.0,13522.0,14.74
2021-03-18,ISL,747.0,2189.0,14104.0,15.03
2021-03-19,ISL,820.0,2403.0,14739.0,15.42
2021-03-20,ISL,831.0,2435.0,,
2021-03-21,ISL,841.0,2464.0,,
2021-03-22,ISL,851.0,2494.0,15066.0,15.54
2021-03-23,ISL,884.0,2590.0,16906.0,16.08
2021-03-24,ISL,1105.0,3238.0,19887.0,17.0
2021-03-25,ISL,1231.0,3607.0,20325.0,17.55
2021-03-26,ISL,1109.0,3250.0,20733.0,17.69
2021-03-27,ISL,1365.0,4000.0,,
2021-03-28,ISL,1621.0,4750.0,,
2021-03-29,ISL,1877.0,5500.0,20734.0,19.39
2021-03-30,ISL,2100.0,6154.0,,
2021-03-31,ISL,2137.0,6262.0,23698.0,21.39
2021-04-01,ISL,1946.0,5703.0,,
2021-04-02,ISL,1957.0,5735.0,,
2021-04-03,ISL,1758.0,5152.0,24344.0,21.86
2021-04-04,ISL,1629.0,4774.0,,
2021-04-05,ISL,1499.0,4393.0,,
2021-04-06,ISL,1158.0,3393.0,,
2021-04-07,ISL,816.0,2391.0,,
2021-04-08,ISL,886.0,2596.0,27092.0,23.36
2021-04-09,ISL,1758.0,5152.0,27801.0,25.31
2021-04-10,ISL,1815.0,5319.0,,
2021-04-11,ISL,1803.0,5284.0,,
2021-04-12,ISL,1791.0,5248.0,28056.0,26.14
2021-04-13,ISL,2091.0,6127.0,,
2021-04-14,ISL,2391.0,7007.0,28281.0,27.97
2021-04-15,ISL,2476.0,7256.0,,
2021-04-16,ISL,1758.0,5152.0,28614.0,28.91
2021-04-17,ISL,1695.0,4967.0,,
2021-04-18,ISL,1631.0,4779.0,,
2021-04-19,ISL,1568.0,4595.0,29686.0,29.35
2021-04-20,ISL,1749.0,5125.0,,
2021-04-21,ISL,1929.0,5653.0,,
2021-04-22,ISL,2325.0,6813.0,32609.0,33.21
2021-04-23,ISL,2289.0,6708.0,,
2021-04-24,ISL,2413.0,7071.0,,
2021-04-25,ISL,2537.0,7434.0,,
2021-04-26,ISL,2661.0,7798.0,,
2021-04-27,ISL,2230.0,6535.0,,
2021-04-28,ISL,1798.0,5269.0,34492.0,35.61
2021-04-29,ISL,2819.0,8261.0,35432.0,38.99
2021-04-30,ISL,4366.0,12794.0,36228.0,42.57
2021-05-01,ISL,4212.0,12343.0,,
2021-05-02,ISL,4057.0,11889.0,,
2021-05-03,ISL,3902.0,11434.0,36376.0,42.82
2021-05-04,ISL,4501.0,13190.0,,
2021-05-05,ISL,5100.0,14945.0,42301.0,46.07
2021-05-06,ISL,4872.0,14277.0,50192.0,48.99
2021-03-01,HUN,44530.0,4610.0,252847.0,10.09
2021-03-02,HUN,47365.0,4903.0,253368.0,10.47
2021-03-03,HUN,47635.0,4931.0,267153.0,10.9
2021-03-04,HUN,54396.0,5631.0,279727.0,11.83
2021-03-05,HUN,63767.0,6601.0,304880.0,12.98
2021-03-06,HUN,51685.0,5350.0,307573.0,13.34
2021-03-07,HUN,53386.0,5526.0,307929.0,13.57
2021-03-08,HUN,55287.0,5723.0,314485.0,14.09
2021-03-09,HUN,59185.0,6127.0,317906.0,14.76
2021-03-10,HUN,60627.0,6276.0,327428.0,15.29
2021-03-11,HUN,62692.0,6490.0,351694.0,16.37
2021-03-12,HUN,59483.0,6157.0,377343.0,17.29
2021-03-13,HUN,60428.0,6255.0,392703.0,17.72
2021-03-14,HUN,60416.0,6254.0,398962.0,17.95
2021-03-15,HUN,55007.0,5694.0,399505.0,18.08
2021-03-16,HUN,54056.0,5596.0,406746.0,18.68
2021-03-17,HUN,55234.0,5718.0,421915.0,19.29
2021-03-18,HUN,48641.0,5035.0,444451.0,19.9
2021-03-19,HUN,45034.0,4662.0,465643.0,20.56
2021-03-20,HUN,46595.0,4823.0,474891.0,21.1
2021-03-21,HUN,47919.0,4960.0,479389.0,21.42
2021-03-22,HUN,53097.0,5496.0,481820.0,21.93
2021-03-23,HUN,55220.0,5716.0,494520.0,22.68
2021-03-24,HUN,58357.0,6041.0,524604.0,23.52
2021-03-25,HUN,68030.0,7042.0,594662.0,24.83
2021-03-26,HUN,78849.0,8162.0,667303.0,26.27
2021-03-27,HUN,78762.0,8153.0,685971.0,26.81
2021-03-28,HUN,77250.0,7997.0,689392.0,27.01
2021-03-29,HUN,81246.0,8410.0,,
2021-03-30,HUN,81941.0,8482.0,753187.0,28.61
2021-03-31,HUN,83005.0,8592.0,787207.0,29.53
2021-04-01,HUN,88809.0,9193.0,863195.0,31.26
2021-04-02,HUN,84114.0,8707.0,891002.0,32.37
2021-04-03,HUN,89736.0,9289.0,905117.0,33.31
2021-04-04,HUN,95159.0,9850.0,913012.0,33.91
2021-04-05,HUN,95460.0,9882.0,922886.0,34.73
2021-04-06,HUN,111210.0,11512.0,1005936.0,36.67
2021-04-07,HUN,118982.0,12317.0,1077947.0,38.16
2021-04-08,HUN,113624.0,11762.0,1126139.0,39.49
2021-04-09,HUN,115097.0,11914.0,1171475.0,40.71
2021-04-10,HUN,116566.0,12066.0,1197685.0,41.75
2021-04-11,HUN,120256.0,12448.0,1217258.0,42.62
2021-04-12,HUN,123576.0,12792.0,1250582.0,43.69
2021-04-13,HUN,112149.0,11609.0,1290709.0,44.8
2021-04-14,HUN,104364.0,10803.0,1325587.0,45.72
2021-04-15,HUN,96472.0,9986.0,,
2021-04-16,HUN,90300.0,9347.0,,
2021-04-17,HUN,86414.0,8945.0,1385898.0,48.02
2021-04-18,HUN,77166.0,7988.0,1391381.0,48.22
2021-04-19,HUN,71075.0,7357.0,1400703.0,48.84
2021-04-20,HUN,65855.0,6817.0,1425124.0,49.57
2021-04-21,HUN,65167.0,6746.0,1453300.0,50.44
2021-04-22,HUN,72685.0,7524.0,1490478.0,51.75
2021-04-23,HUN,80697.0,8353.0,1552685.0,53.1
2021-04-24,HUN,80100.0,8292.0,,
2021-04-25,HUN,87309.0,9038.0,1665067.0,54.54
2021-04-26,HUN,96243.0,9963.0,1711723.0,55.81
2021-04-27,HUN,108486.0,11230.0,1773900.0,57.43
2021-04-28,HUN,117161.0,12128.0,1822655.0,58.93
2021-04-29,HUN,113586.0,11758.0,1880897.0,59.98
2021-04-30,HUN,120354.0,12459.0,1948728.0,61.82
2021-05-01,HUN,125911.0,13034.0,2016350.0,62.94
2021-05-02,HUN,125906.0,13033.0,2077160.0,63.67
2021-05-03,HUN,123668.0,12802.0,2157637.0,64.77
2021-05-04,HUN,117764.0,12190.0,2248775.0,65.97
2021-05-05,HUN,110798.0,11469.0,2315428.0,66.96
2021-05-06,HUN,116587.0,12069.0,2406684.0,68.43
2021-03-01,GRC,27254.0,2615.0,327136.0,8.84
2021-03-02,GRC,27788.0,2666.0,339402.0,9.18
2021-03-03,GRC,28152.0,2701.0,348191.0,9.51
2021-03-04,GRC,28334.0,2718.0,355559.0,9.83
2021-03-05,GRC,28857.0,2769.0,361428.0,10.16
2021-03-06,GRC,29418.0,2822.0,366361.0,10.47
2021-03-07,GRC,29343.0,2815.0,,
2021-03-08,GRC,29267.0,2808.0,372424.0,10.8
2021-03-09,GRC,28750.0,2758.0,377850.0,11.11
2021-03-10,GRC,28473.0,2732.0,383443.0,11.42
2021-03-11,GRC,28240.0,2709.0,390632.0,11.73
2021-03-12,GRC,27826.0,2670.0,398936.0,12.03
2021-03-13,GRC,27389.0,2628.0,406070.0,12.31
2021-03-14,GRC,25079.0,2406.0,,
2021-03-15,GRC,22768.0,2184.0,407793.0,12.33
2021-03-16,GRC,22595.0,2168.0,420634.0,12.63
2021-03-17,GRC,22145.0,2125.0,430094.0,12.91
2021-03-18,GRC,21919.0,2103.0,440559.0,13.2
2021-03-19,GRC,21854.0,2097.0,450319.0,13.5
2021-03-20,GRC,21860.0,2097.0,459446.0,13.78
2021-03-21,GRC,24043.0,2307.0,,
2021-03-22,GRC,26226.0,2516.0,471061.0,14.09
2021-03-23,GRC,26705.0,2562.0,484817.0,14.42
2021-03-24,GRC,27317.0,2621.0,501414.0,14.75
2021-03-25,GRC,23039.0,2210.0,501445.0,14.75
2021-03-26,GRC,23666.0,2271.0,526435.0,15.09
2021-03-27,GRC,23964.0,2299.0,548494.0,15.39
2021-03-28,GRC,23886.0,2292.0,,
2021-03-29,GRC,23808.0,2284.0,568803.0,15.69
2021-03-30,GRC,23638.0,2268.0,588298.0,16.01
2021-03-31,GRC,23264.0,2232.0,607174.0,16.31
2021-04-01,GRC,28850.0,2768.0,624688.0,16.68
2021-04-02,GRC,29254.0,2807.0,641917.0,17.05
2021-04-03,GRC,32303.0,3099.0,658942.0,17.56
2021-04-04,GRC,34058.0,3268.0,,
2021-04-05,GRC,35813.0,3436.0,663688.0,18.1
2021-04-06,GRC,39626.0,3802.0,676401.0,18.67
2021-04-07,GRC,43405.0,4164.0,690748.0,19.22
2021-04-08,GRC,45671.0,4382.0,704794.0,19.75
2021-04-09,GRC,48103.0,4615.0,720209.0,20.28
2021-04-10,GRC,48427.0,4646.0,733850.0,20.81
2021-04-11,GRC,48464.0,4650.0,,
2021-04-12,GRC,48501.0,4653.0,745399.0,21.36
2021-04-13,GRC,47799.0,4586.0,756032.0,21.88
2021-04-14,GRC,47273.0,4535.0,764998.0,22.4
2021-04-15,GRC,46914.0,4501.0,767081.0,22.9
2021-04-16,GRC,46570.0,4468.0,768886.0,23.41
2021-04-17,GRC,46072.0,4420.0,770207.0,23.91
2021-04-18,GRC,45913.0,4405.0,,
2021-04-19,GRC,45754.0,4390.0,772034.0,24.43
2021-04-20,GRC,45723.0,4387.0,774380.0,24.95
2021-04-21,GRC,45413.0,4357.0,776439.0,25.45
2021-04-22,GRC,45947.0,4408.0,784150.0,25.99
2021-04-23,GRC,46451.0,4457.0,794006.0,26.53
2021-04-24,GRC,47110.0,4520.0,817113.0,27.07
2021-04-25,GRC,47630.0,4570.0,,
2021-04-26,GRC,48149.0,4619.0,851109.0,27.66
2021-04-27,GRC,49151.0,4716.0,881234.0,28.26
2021-04-28,GRC,51006.0,4894.0,910145.0,28.87
2021-04-29,GRC,52417.0,5029.0,943808.0,29.51
2021-04-30,GRC,47475.0,4555.0,944133.0,29.72
2021-05-01,GRC,41959.0,4026.0,944492.0,29.89
2021-05-02,GRC,39093.0,3751.0,,
2021-05-03,GRC,36227.0,3476.0,945342.0,30.09
2021-05-04,GRC,36593.0,3511.0,986564.0,30.71
2021-05-05,GRC,42897.0,4116.0,1037123.0,31.75
2021-05-06,GRC,49820.0,4780.0,1090528.0,32.85
2021-03-01,DEU,170678.0,2037.0,2230211.0,7.79
2021-03-02,DEU,178214.0,2127.0,2283898.0,8.05
2021-03-03,DEU,187893.0,2243.0,2352892.0,8.34
2021-03-04,DEU,195581.0,2334.0,2415572.0,8.63
2021-03-05,DEU,204060.0,2436.0,2482999.0,8.95
2021-03-06,DEU,211765.0,2528.0,2532296.0,9.19
2021-03-07,DEU,217806.0,2600.0,2566757.0,9.37
2021-03-08,DEU,224007.0,2674.0,2619261.0,9.66
2021-03-09,DEU,228368.0,2726.0,2674032.0,9.96
2021-03-10,DEU,234072.0,2794.0,2739725.0,10.3
2021-03-11,DEU,239556.0,2859.0,2800633.0,10.63
2021-03-12,DEU,247391.0,2953.0,2872288.0,11.02
2021-03-13,DEU,253681.0,3028.0,2921725.0,11.31
2021-03-14,DEU,256654.0,3063.0,2957718.0,11.52
2021-03-15,DEU,257951.0,3079.0,3016581.0,11.81
2021-03-16,DEU,247767.0,2957.0,3083603.0,12.03
2021-03-17,DEU,236557.0,2823.0,3163068.0,12.27
2021-03-18,DEU,224154.0,2675.0,3238413.0,12.5
2021-03-19,DEU,212713.0,2539.0,3321255.0,12.8
2021-03-20,DEU,208958.0,2494.0,3375145.0,13.06
2021-03-21,DEU,208229.0,2485.0,3413910.0,13.26
2021-03-22,DEU,210788.0,2516.0,3490074.0,13.57
2021-03-23,DEU,227749.0,2718.0,3573837.0,13.93
2021-03-24,DEU,246154.0,2938.0,3662149.0,14.33
2021-03-25,DEU,266552.0,3181.0,3742304.0,14.73
2021-03-26,DEU,285240.0,3404.0,3831056.0,15.18
2021-03-27,DEU,294745.0,3518.0,3894232.0,15.52
2021-03-28,DEU,299149.0,3570.0,3946979.0,15.76
2021-03-29,DEU,305233.0,3643.0,4036011.0,16.12
2021-03-30,DEU,309601.0,3695.0,4129395.0,16.52
2021-03-31,DEU,310660.0,3708.0,4232484.0,16.92
2021-04-01,DEU,308687.0,3684.0,4324901.0,17.31
2021-04-02,DEU,287995.0,3437.0,4396504.0,17.58
2021-04-03,DEU,280162.0,3344.0,4462538.0,17.86
2021-04-04,DEU,280037.0,3342.0,4516109.0,18.1
2021-04-05,DEU,271588.0,3242.0,4589511.0,18.39
2021-04-06,DEU,278728.0,3327.0,4688663.0,18.84
2021-04-07,DEU,326741.0,3900.0,4785766.0,19.65
2021-04-08,DEU,385173.0,4597.0,4875524.0,20.53
2021-04-09,DEU,441333.0,5268.0,4963876.0,21.27
2021-04-10,DEU,460828.0,5500.0,5029351.0,21.71
2021-04-11,DEU,470046.0,5610.0,5079442.0,22.02
2021-04-12,DEU,493737.0,5893.0,5156280.0,22.52
2021-04-13,DEU,521252.0,6221.0,5229683.0,23.2
2021-04-14,DEU,534996.0,6385.0,5313075.0,24.12
2021-04-15,DEU,527364.0,6294.0,5383863.0,24.93
2021-04-16,DEU,523117.0,6244.0,5459234.0,25.64
2021-04-17,DEU,522215.0,6233.0,5515596.0,26.07
2021-04-18,DEU,523015.0,6242.0,5554820.0,26.39
2021-04-19,DEU,520659.0,6214.0,5615592.0,26.87
2021-04-20,DEU,518396.0,6187.0,5677168.0,27.53
2021-04-21,DEU,509751.0,6084.0,5748828.0,28.38
2021-04-22,DEU,503280.0,6007.0,5814950.0,29.14
2021-04-23,DEU,497181.0,5934.0,5882193.0,29.8
2021-04-24,DEU,498137.0,5945.0,5941717.0,30.24
2021-04-25,DEU,500543.0,5974.0,5989289.0,30.57
2021-04-26,DEU,504627.0,6023.0,6062464.0,31.08
2021-04-27,DEU,537253.0,6412.0,6152650.0,32.02
2021-04-28,DEU,595361.0,7106.0,6279418.0,33.36
2021-04-29,DEU,639041.0,7627.0,6411035.0,34.48
2021-04-30,DEU,674546.0,8051.0,6548288.0,35.43
2021-05-01,DEU,669676.0,7993.0,6624222.0,35.83
2021-05-02,DEU,666797.0,7959.0,6691864.0,36.15
2021-05-03,DEU,669722.0,7993.0,6807166.0,36.68
2021-05-04,DEU,677468.0,8086.0,6967656.0,37.68
2021-05-05,DEU,679050.0,8105.0,7191585.0,39.03
2021-05-06,DEU,684078.0,8165.0,7406864.0,40.19
2021-03-01,FRA,120748.0,1787.0,1651393.0,7.08
2021-03-02,FRA,124840.0,1848.0,1717639.0,7.32
2021-03-03,FRA,130460.0,1931.0,1783190.0,7.58
2021-03-04,FRA,135925.0,2012.0,1852071.0,7.92
2021-03-05,FRA,147006.0,2176.0,1915464.0,8.3
2021-03-06,FRA,168119.0,2488.0,1933288.0,8.63
2021-03-07,FRA,184462.0,2730.0,1938769.0,8.82
2021-03-08,FRA,190035.0,2813.0,1989577.0,9.04
2021-03-09,FRA,198651.0,2940.0,2046355.0,9.38
2021-03-10,FRA,206276.0,3053.0,2103570.0,9.72
2021-03-11,FRA,216733.0,3208.0,2166688.0,10.17
2021-03-12,FRA,228575.0,3383.0,2220194.0,10.67
2021-03-13,FRA,231614.0,3428.0,2235478.0,11.03
2021-03-14,FRA,223178.0,3303.0,2238915.0,11.13
2021-03-15,FRA,227846.0,3372.0,2271588.0,11.4
2021-03-16,FRA,221169.0,3273.0,2311129.0,11.67
2021-03-17,FRA,214710.0,3178.0,2349955.0,11.95
2021-03-18,FRA,201636.0,2984.0,2394619.0,12.25
2021-03-19,FRA,190300.0,2817.0,2432105.0,12.64
2021-03-20,FRA,180865.0,2677.0,2443892.0,12.9
2021-03-21,FRA,178851.0,2647.0,2446520.0,12.98
2021-03-22,FRA,180745.0,2675.0,2480820.0,13.28
2021-03-23,FRA,196420.0,2907.0,2523226.0,13.7
2021-03-24,FRA,212110.0,3139.0,2567095.0,14.14
2021-03-25,FRA,236640.0,3502.0,2611849.0,14.71
2021-03-26,FRA,255529.0,3782.0,2653760.0,15.29
2021-03-27,FRA,260271.0,3852.0,2670413.0,15.6
2021-03-28,FRA,261795.0,3875.0,2674150.0,15.69
2021-03-29,FRA,269404.0,3987.0,2728460.0,16.07
2021-03-30,FRA,278318.0,4119.0,2798146.0,16.59
2021-03-31,FRA,283324.0,4193.0,2871097.0,17.08
2021-04-01,FRA,285506.0,4226.0,2958949.0,17.66
2021-04-02,FRA,281712.0,4170.0,3051076.0,18.21
2021-04-03,FRA,280526.0,4152.0,3112952.0,18.51
2021-04-04,FRA,280738.0,4155.0,3131617.0,18.6
2021-04-05,FRA,254392.0,3765.0,3142626.0,18.7
2021-04-06,FRA,250026.0,3701.0,3250523.0,19.18
2021-04-07,FRA,255650.0,3784.0,3366026.0,19.73
2021-04-08,FRA,263718.0,3903.0,3487484.0,20.4
2021-04-09,FRA,285206.0,4221.0,3604014.0,21.17
2021-04-10,FRA,298314.0,4415.0,3686777.0,21.6
2021-04-11,FRA,302030.0,4470.0,3721380.0,21.73
2021-04-12,FRA,341796.0,5059.0,3836627.0,22.25
2021-04-13,FRA,360159.0,5331.0,3981625.0,22.91
2021-04-14,FRA,368221.0,5450.0,4121070.0,23.54
2021-04-15,FRA,371651.0,5501.0,4268956.0,24.25
2021-04-16,FRA,365768.0,5414.0,4414751.0,24.95
2021-04-17,FRA,363309.0,5377.0,4505029.0,25.36
2021-04-18,FRA,362745.0,5369.0,4540461.0,25.49
2021-04-19,FRA,361488.0,5350.0,4678889.0,25.99
2021-04-20,FRA,357249.0,5288.0,4849679.0,26.61
2021-04-21,FRA,355437.0,5261.0,5018552.0,27.22
2021-04-22,FRA,354270.0,5243.0,5206854.0,27.92
2021-04-23,FRA,353228.0,5228.0,5390648.0,28.61
2021-04-24,FRA,356528.0,5277.0,5503807.0,29.06
2021-04-25,FRA,359476.0,5321.0,5542811.0,29.21
2021-04-26,FRA,363809.0,5385.0,5701769.0,29.76
2021-04-27,FRA,370503.0,5484.0,5898674.0,30.45
2021-04-28,FRA,379100.0,5611.0,6091662.0,31.15
2021-04-29,FRA,389611.0,5767.0,6303678.0,31.95
2021-04-30,FRA,400427.0,5927.0,6507570.0,32.76
2021-05-01,FRA,387969.0,5742.0,6561992.0,33.08
2021-05-02,FRA,390917.0,5786.0,6600267.0,33.26
2021-05-03,FRA,402057.0,5951.0,6774913.0,33.93
2021-05-04,FRA,411031.0,6084.0,7007520.0,34.71
2021-05-05,FRA,420134.0,6218.0,7238071.0,35.5
2021-05-06,FRA,429203.0,6353.0,7488514.0,36.4
2021-03-01,FIN,14750.0,2662.0,82062.0,8.42
2021-03-02,FIN,15245.0,2751.0,,
2021-03-03,FIN,15740.0,2841.0,83183.0,8.8
2021-03-04,FIN,16047.0,2896.0,83642.0,9.19
2021-03-05,FIN,15157.0,2736.0,84222.0,9.62
2021-03-06,FIN,17541.0,3166.0,84809.0,10.21
2021-03-07,FIN,16275.0,2937.0,,
2021-03-08,FIN,14264.0,2574.0,84810.0,10.22
2021-03-09,FIN,14096.0,2544.0,85014.0,10.39
2021-03-10,FIN,16122.0,2910.0,85258.0,10.84
2021-03-11,FIN,16550.0,2987.0,85421.0,11.28
2021-03-12,FIN,16912.0,3052.0,85826.0,11.75
2021-03-13,FIN,15525.0,2802.0,86280.0,12.17
2021-03-14,FIN,16718.0,3017.0,86307.0,12.33
2021-03-15,FIN,16771.0,3027.0,86311.0,12.34
2021-03-16,FIN,17380.0,3137.0,86538.0,12.59
2021-03-17,FIN,17525.0,3163.0,86805.0,13.05
2021-03-18,FIN,19106.0,3448.0,87133.0,13.69
2021-03-19,FIN,19607.0,3539.0,87333.0,14.23
2021-03-20,FIN,19702.0,3556.0,87515.0,14.66
2021-03-21,FIN,19530.0,3525.0,87533.0,14.79
2021-03-22,FIN,19650.0,3546.0,87536.0,14.82
2021-03-23,FIN,19000.0,3429.0,87600.0,14.99
2021-03-24,FIN,17764.0,3206.0,87674.0,15.3
2021-03-25,FIN,16109.0,2907.0,87803.0,15.73
2021-03-26,FIN,15667.0,2828.0,88234.0,16.21
2021-03-27,FIN,15583.0,2812.0,88521.0,16.62
2021-03-28,FIN,15291.0,2760.0,,
2021-03-29,FIN,15846.0,2860.0,88547.0,16.83
2021-03-30,FIN,17277.0,3118.0,88715.0,17.17
2021-03-31,FIN,19148.0,3456.0,88954.0,17.71
2021-04-01,FIN,21238.0,3833.0,89364.0,18.41
2021-04-02,FIN,22397.0,4042.0,89687.0,19.04
2021-04-03,FIN,20059.0,3620.0,89709.0,19.16
2021-04-04,FIN,19557.0,3530.0,89714.0,19.2
2021-04-05,FIN,18802.0,3393.0,89717.0,19.2
2021-04-06,FIN,16295.0,2941.0,89722.0,19.23
2021-04-07,FIN,14576.0,2631.0,90340.0,19.56
2021-04-08,FIN,14350.0,2590.0,91805.0,20.23
2021-04-09,FIN,15048.0,2716.0,93459.0,20.94
2021-04-10,FIN,17786.0,3210.0,94383.0,21.41
2021-04-11,FIN,22284.0,4022.0,95215.0,22.01
2021-04-12,FIN,23624.0,4264.0,95246.0,22.19
2021-04-13,FIN,32543.0,5873.0,102879.0,23.34
2021-04-14,FIN,33342.0,6018.0,,
2021-04-15,FIN,31435.0,5673.0,109909.0,24.2
2021-04-16,FIN,31967.0,5769.0,116412.0,24.98
2021-04-17,FIN,32333.0,5836.0,,
2021-04-18,FIN,31581.0,5700.0,121923.0,26.0
2021-04-19,FIN,30765.0,5553.0,122730.0,26.07
2021-04-20,FIN,25474.0,4598.0,124852.0,26.56
2021-04-21,FIN,36288.0,6549.0,140223.0,28.35
2021-04-22,FIN,37354.0,6742.0,,
2021-04-23,FIN,35612.0,6427.0,147915.0,29.48
2021-04-24,FIN,35121.0,6339.0,,
2021-04-25,FIN,34630.0,6250.0,153460.0,30.38
2021-04-26,FIN,35536.0,6414.0,,
2021-04-27,FIN,33157.0,5984.0,154782.0,30.75
2021-04-28,FIN,26603.0,4801.0,159356.0,31.71
2021-04-29,FIN,27418.0,4948.0,,
2021-04-30,FIN,28233.0,5096.0,166233.0,33.05
2021-05-01,FIN,28995.0,5233.0,168614.0,33.59
2021-05-02,FIN,25760.0,4649.0,168636.0,33.63
2021-05-03,FIN,24779.0,4472.0,168689.0,33.69
2021-05-04,FIN,27255.0,4919.0,171330.0,34.19
2021-05-05,FIN,33368.0,6022.0,185821.0,35.93
2021-05-06,FIN,36539.0,6595.0,,
2021-03-01,EST,3497.0,2636.0,35075.0,8.76
2021-03-02,EST,3578.0,2697.0,37377.0,9.16
2021-03-03,EST,4270.0,3219.0,39772.0,9.56
2021-03-04,EST,4427.0,3337.0,42264.0,10.13
2021-03-05,EST,4364.0,3290.0,43785.0,10.67
2021-03-06,EST,4692.0,3537.0,43947.0,10.95
2021-03-07,EST,4790.0,3611.0,43951.0,11.02
2021-03-08,EST,4819.0,3633.0,44198.0,11.3
2021-03-09,EST,4796.0,3615.0,45269.0,11.69
2021-03-10,EST,4959.0,3738.0,47722.0,12.17
2021-03-11,EST,5456.0,4113.0,50653.0,13.01
2021-03-12,EST,5536.0,4173.0,52581.0,13.59
2021-03-13,EST,5787.0,4362.0,52660.0,14.0
2021-03-14,EST,6400.0,4825.0,52675.0,14.4
2021-03-15,EST,6394.0,4820.0,52940.0,14.68
2021-03-16,EST,6314.0,4760.0,53739.0,15.02
2021-03-17,EST,6168.0,4650.0,53995.0,15.43
2021-03-18,EST,5641.0,4252.0,54781.0,15.99
2021-03-19,EST,5778.0,4356.0,56952.0,16.64
2021-03-20,EST,5317.0,4008.0,57009.0,16.81
2021-03-21,EST,4753.0,3583.0,57029.0,16.91
2021-03-22,EST,4591.0,3461.0,57566.0,17.1
2021-03-23,EST,4360.0,3287.0,57747.0,17.32
2021-03-24,EST,4392.0,3311.0,58152.0,17.75
2021-03-25,EST,4765.0,3592.0,59705.0,18.5
2021-03-26,EST,4488.0,3383.0,60568.0,19.01
2021-03-27,EST,4504.0,3395.0,60827.0,19.19
2021-03-28,EST,4389.0,3309.0,60875.0,19.23
2021-03-29,EST,4360.0,3287.0,61216.0,19.4
2021-03-30,EST,4451.0,3355.0,62193.0,19.67
2021-03-31,EST,4497.0,3390.0,63709.0,20.12
2021-04-01,EST,4770.0,3596.0,67657.0,21.02
2021-04-02,EST,4377.0,3300.0,68038.0,21.32
2021-04-03,EST,5239.0,3949.0,68662.0,21.95
2021-04-04,EST,5755.0,4338.0,68799.0,22.26
2021-04-05,EST,5929.0,4470.0,69790.0,22.53
2021-04-06,EST,5936.0,4475.0,70927.0,22.8
2021-04-07,EST,5943.0,4480.0,72046.0,23.25
2021-04-08,EST,6080.0,4583.0,73315.0,24.23
2021-04-09,EST,7039.0,5306.0,74379.0,25.03
2021-04-10,EST,6068.0,4574.0,74783.0,25.15
2021-04-11,EST,5523.0,4163.0,74828.0,25.18
2021-04-12,EST,5296.0,3992.0,75276.0,25.32
2021-04-13,EST,5188.0,3911.0,75853.0,25.54
2021-04-14,EST,5360.0,4041.0,77724.0,26.08
2021-04-15,EST,5305.0,3999.0,80928.0,27.03
2021-04-16,EST,5431.0,4094.0,84230.0,27.9
2021-04-17,EST,5494.0,4142.0,84968.0,28.05
2021-04-18,EST,5648.0,4258.0,85400.0,28.16
2021-04-19,EST,5747.0,4332.0,86769.0,28.35
2021-04-20,EST,5942.0,4479.0,89055.0,28.67
2021-04-21,EST,5639.0,4251.0,89868.0,29.06
2021-04-22,EST,5506.0,4151.0,93250.0,29.93
2021-04-23,EST,5133.0,3869.0,96463.0,30.6
2021-04-24,EST,5277.0,3978.0,98667.0,30.84
2021-04-25,EST,5418.0,4084.0,99851.0,31.02
2021-04-26,EST,5507.0,4151.0,101630.0,31.26
2021-04-27,EST,5881.0,4433.0,104987.0,31.78
2021-04-28,EST,6754.0,5091.0,109553.0,32.62
2021-04-29,EST,7210.0,5435.0,116110.0,33.74
2021-04-30,EST,7630.0,5752.0,122336.0,34.63
2021-05-01,EST,7622.0,5746.0,124400.0,34.86
2021-05-02,EST,7629.0,5751.0,125281.0,35.04
2021-05-03,EST,7988.0,6022.0,128699.0,35.48
2021-05-04,EST,8255.0,6223.0,132437.0,36.13
2021-05-05,EST,8526.0,6427.0,138272.0,37.12
2021-05-06,EST,8927.0,6730.0,147233.0,38.45
2021-03-01,DNK,17916.0,3093.0,185023.0,10.91
2021-03-02,DNK,18156.0,3135.0,186326.0,11.22
2021-03-03,DNK,17924.0,3095.0,187359.0,11.46
2021-03-04,DNK,18512.0,3196.0,189174.0,11.79
2021-03-05,DNK,16416.0,2834.0,194881.0,12.18
2021-03-06,DNK,17917.0,3093.0,198887.0,12.5
2021-03-07,DNK,18486.0,3192.0,203229.0,12.78
2021-03-08,DNK,17810.0,3075.0,209703.0,13.06
2021-03-09,DNK,17834.0,3079.0,216964.0,13.37
2021-03-10,DNK,18597.0,3211.0,224252.0,13.71
2021-03-11,DNK,17655.0,3048.0,232314.0,13.93
2021-03-12,DNK,16470.0,2843.0,242976.0,14.17
2021-03-13,DNK,15307.0,2643.0,248939.0,14.35
2021-03-14,DNK,14487.0,2501.0,258356.0,14.53
2021-03-15,DNK,14012.0,2419.0,268294.0,14.75
2021-03-16,DNK,13749.0,2374.0,277797.0,15.04
2021-03-17,DNK,13841.0,2390.0,287033.0,15.38
2021-03-18,DNK,15171.0,2619.0,294287.0,15.76
2021-03-19,DNK,15977.0,2758.0,306105.0,16.1
2021-03-20,DNK,15593.0,2692.0,310964.0,16.23
2021-03-21,DNK,15454.0,2668.0,315657.0,16.4
2021-03-22,DNK,15335.0,2648.0,323489.0,16.61
2021-03-23,DNK,14970.0,2585.0,331116.0,16.85
2021-03-24,DNK,15459.0,2669.0,344660.0,17.25
2021-03-25,DNK,14643.0,2528.0,353148.0,17.53
2021-03-26,DNK,13846.0,2390.0,361060.0,17.77
2021-03-27,DNK,14607.0,2522.0,364200.0,18.0
2021-03-28,DNK,15172.0,2619.0,367018.0,18.24
2021-03-29,DNK,16939.0,2924.0,373272.0,18.66
2021-03-30,DNK,18949.0,3271.0,379387.0,19.14
2021-03-31,DNK,18889.0,3261.0,389270.0,19.53
2021-04-01,DNK,18166.0,3136.0,396254.0,19.73
2021-04-02,DNK,17861.0,3084.0,403311.0,19.93
2021-04-03,DNK,18031.0,3113.0,405501.0,20.18
2021-04-04,DNK,18013.0,3110.0,407294.0,20.41
2021-04-05,DNK,16488.0,2847.0,408605.0,20.65
2021-04-06,DNK,15677.0,2707.0,414751.0,21.03
2021-04-07,DNK,15955.0,2755.0,423082.0,21.46
2021-04-08,DNK,17553.0,3030.0,431722.0,21.85
2021-04-09,DNK,19453.0,3358.0,440471.0,22.28
2021-04-10,DNK,20583.0,3554.0,445933.0,22.67
2021-04-11,DNK,21344.0,3685.0,449856.0,22.99
2021-04-12,DNK,34503.0,5957.0,461421.0,24.82
2021-04-13,DNK,34884.0,6023.0,467715.0,25.25
2021-04-14,DNK,34556.0,5966.0,478964.0,25.64
2021-04-15,DNK,34854.0,6017.0,488128.0,26.06
2021-04-16,DNK,34911.0,6027.0,496366.0,26.5
2021-04-17,DNK,34815.0,6011.0,499115.0,26.87
2021-04-18,DNK,34935.0,6031.0,504279.0,27.21
2021-04-19,DNK,25435.0,4391.0,518758.0,27.89
2021-04-20,DNK,27466.0,4742.0,535827.0,28.57
2021-04-21,DNK,29273.0,5054.0,548670.0,29.17
2021-04-22,DNK,30578.0,5279.0,554077.0,29.75
2021-04-23,DNK,31689.0,5471.0,565342.0,30.33
2021-04-24,DNK,31827.0,5495.0,572969.0,30.72
2021-04-25,DNK,31944.0,5515.0,578266.0,31.07
2021-04-26,DNK,31962.0,5518.0,586158.0,31.75
2021-04-27,DNK,33169.0,5726.0,607100.0,32.57
2021-04-28,DNK,34519.0,5960.0,627740.0,33.35
2021-04-29,DNK,35988.0,6213.0,645706.0,34.1
2021-04-30,DNK,33689.0,5816.0,649643.0,34.4
2021-05-01,DNK,32382.0,5591.0,655769.0,34.63
2021-05-02,DNK,33804.0,5836.0,669564.0,35.16
2021-05-03,DNK,37640.0,6498.0,715364.0,36.3
2021-05-04,DNK,38339.0,6619.0,740170.0,37.21
2021-05-05,DNK,39950.0,6897.0,769447.0,38.17
2021-05-06,DNK,40403.0,6975.0,794993.0,38.99
2021-03-01,CZE,16177.0,1511.0,246655.0,6.42
2021-03-02,CZE,17686.0,1652.0,250178.0,6.7
2021-03-03,CZE,19839.0,1853.0,254647.0,7.03
2021-03-04,CZE,21853.0,2041.0,259289.0,7.38
2021-03-05,CZE,23639.0,2207.0,264637.0,7.69
2021-03-06,CZE,24970.0,2332.0,265473.0,7.81
2021-03-07,CZE,26300.0,2456.0,266302.0,7.92
2021-03-08,CZE,27960.0,2611.0,271106.0,8.24
2021-03-09,CZE,29669.0,2770.0,277432.0,8.64
2021-03-10,CZE,31521.0,2943.0,284338.0,9.09
2021-03-11,CZE,33694.0,3146.0,292647.0,9.58
2021-03-12,CZE,35536.0,3318.0,301036.0,10.01
2021-03-13,CZE,36315.0,3391.0,302317.0,10.18
2021-03-14,CZE,36453.0,3404.0,303442.0,10.31
2021-03-15,CZE,36815.0,3438.0,312183.0,10.65
2021-03-16,CZE,37774.0,3527.0,322641.0,11.11
2021-03-17,CZE,37746.0,3525.0,333082.0,11.55
2021-03-18,CZE,37345.0,3487.0,345430.0,12.02
2021-03-19,CZE,37455.0,3498.0,358954.0,12.46
2021-03-20,CZE,37273.0,3481.0,360958.0,12.62
2021-03-21,CZE,36660.0,3423.0,362489.0,12.7
2021-03-22,CZE,36607.0,3418.0,374850.0,13.04
2021-03-23,CZE,35247.0,3291.0,388082.0,13.41
2021-03-24,CZE,34466.0,3218.0,403700.0,13.81
2021-03-25,CZE,33601.0,3138.0,421479.0,14.22
2021-03-26,CZE,32796.0,3062.0,438881.0,14.61
2021-03-27,CZE,32250.0,3011.0,443688.0,14.73
2021-03-28,CZE,32352.0,3021.0,447796.0,14.82
2021-03-29,CZE,32777.0,3061.0,468375.0,15.19
2021-03-30,CZE,33772.0,3154.0,490417.0,15.62
2021-03-31,CZE,34861.0,3255.0,517352.0,16.08
2021-04-01,CZE,36759.0,3433.0,549187.0,16.62
2021-04-02,CZE,33548.0,3133.0,561886.0,16.8
2021-04-03,CZE,33719.0,3149.0,572760.0,16.93
2021-04-04,CZE,33949.0,3170.0,581496.0,17.04
2021-04-05,CZE,29666.0,2770.0,588635.0,17.13
2021-04-06,CZE,29464.0,2751.0,617769.0,17.55
2021-04-07,CZE,28800.0,2689.0,639801.0,17.97
2021-04-08,CZE,30440.0,2842.0,670568.0,18.61
2021-04-09,CZE,37415.0,3494.0,700412.0,19.24
2021-04-10,CZE,39715.0,3709.0,715600.0,19.53
2021-04-11,CZE,40921.0,3821.0,725582.0,19.71
2021-04-12,CZE,48452.0,4524.0,750312.0,20.29
2021-04-13,CZE,50765.0,4740.0,776102.0,20.86
2021-04-14,CZE,53663.0,5011.0,803316.0,21.48
2021-04-15,CZE,54241.0,5065.0,828832.0,22.15
2021-04-16,CZE,54429.0,5083.0,854352.0,22.8
2021-04-17,CZE,53714.0,5016.0,863331.0,23.04
2021-04-18,CZE,53455.0,4992.0,868270.0,23.21
2021-04-19,CZE,52966.0,4946.0,883572.0,23.75
2021-04-20,CZE,52429.0,4896.0,899299.0,24.29
2021-04-21,CZE,51826.0,4839.0,913384.0,24.86
2021-04-22,CZE,51602.0,4819.0,930647.0,25.53
2021-04-23,CZE,50390.0,4705.0,942584.0,26.1
2021-04-24,CZE,50003.0,4669.0,947765.0,26.31
2021-04-25,CZE,50090.0,4677.0,951737.0,26.48
2021-04-26,CZE,49677.0,4639.0,959186.0,27.0
2021-04-27,CZE,49965.0,4666.0,971287.0,27.56
2021-04-28,CZE,51309.0,4791.0,985151.0,28.22
2021-04-29,CZE,52409.0,4894.0,1000796.0,28.95
2021-04-30,CZE,53656.0,5010.0,1010583.0,29.6
2021-05-01,CZE,53604.0,5006.0,1013908.0,29.81
2021-05-02,CZE,53950.0,5038.0,1016125.0,30.01
2021-05-03,CZE,56016.0,5231.0,1021078.0,30.66
2021-05-04,CZE,57829.0,5400.0,1029272.0,31.34
2021-05-05,CZE,59092.0,5518.0,1038522.0,32.08
2021-05-06,CZE,60374.0,5638.0,1049015.0,32.9
2021-03-01,CYP,3129.0,3572.0,,
2021-03-02,CYP,3126.0,3569.0,,
2021-03-03,CYP,2939.0,3355.0,,
2021-03-04,CYP,2753.0,3143.0,,
2021-03-05,CYP,2567.0,2931.0,,
2021-03-06,CYP,2567.0,2931.0,,
2021-03-07,CYP,2567.0,2931.0,28741.0,11.33
2021-03-08,CYP,2531.0,2890.0,,
2021-03-09,CYP,2496.0,2850.0,,
2021-03-10,CYP,2461.0,2810.0,,
2021-03-11,CYP,2426.0,2770.0,,
2021-03-12,CYP,2391.0,2730.0,,
2021-03-13,CYP,2355.0,2689.0,,
2021-03-14,CYP,2320.0,2649.0,,
2021-03-15,CYP,2320.0,2649.0,,
2021-03-16,CYP,2320.0,2649.0,,
2021-03-17,CYP,2320.0,2649.0,,
2021-03-18,CYP,2320.0,2649.0,,
2021-03-19,CYP,2320.0,2649.0,,
2021-03-20,CYP,2320.0,2649.0,35963.0,14.78
2021-03-21,CYP,2316.0,2644.0,,
2021-03-22,CYP,2312.0,2640.0,,
2021-03-23,CYP,2308.0,2635.0,,
2021-03-24,CYP,2304.0,2630.0,,
2021-03-25,CYP,2300.0,2626.0,,
2021-03-26,CYP,2296.0,2621.0,,
2021-03-27,CYP,2292.0,2617.0,,
2021-03-28,CYP,2292.0,2617.0,,
2021-03-29,CYP,2292.0,2617.0,,
2021-03-30,CYP,2292.0,2617.0,,
2021-03-31,CYP,2292.0,2617.0,,
2021-04-01,CYP,2292.0,2617.0,,
2021-04-02,CYP,2292.0,2617.0,,
2021-04-03,CYP,2292.0,2617.0,46866.0,18.44
2021-04-04,CYP,2432.0,2777.0,,
2021-04-05,CYP,2573.0,2938.0,,
2021-04-06,CYP,2713.0,3097.0,,
2021-04-07,CYP,2854.0,3258.0,50461.0,19.94
2021-04-08,CYP,3140.0,3585.0,,
2021-04-09,CYP,3427.0,3913.0,52288.0,20.92
2021-04-10,CYP,3492.0,3987.0,,
2021-04-11,CYP,3416.0,3900.0,,
2021-04-12,CYP,3341.0,3814.0,,
2021-04-13,CYP,3265.0,3728.0,,
2021-04-14,CYP,3189.0,3641.0,,
2021-04-15,CYP,2967.0,3387.0,,
2021-04-16,CYP,2745.0,3134.0,57084.0,23.11
2021-04-17,CYP,2936.0,3352.0,,
2021-04-18,CYP,3126.0,3569.0,,
2021-04-19,CYP,3316.0,3786.0,57993.0,24.51
2021-04-20,CYP,3635.0,4150.0,58265.0,25.08
2021-04-21,CYP,3914.0,4469.0,58794.0,25.61
2021-04-22,CYP,4373.0,4993.0,,
2021-04-23,CYP,4832.0,5517.0,60183.0,26.97
2021-04-24,CYP,5170.0,5903.0,,
2021-04-25,CYP,5508.0,6288.0,,
2021-04-26,CYP,5846.0,6674.0,,
2021-04-27,CYP,6055.0,6913.0,,
2021-04-28,CYP,6305.0,7198.0,,
2021-04-29,CYP,6374.0,7277.0,,
2021-04-30,CYP,6444.0,7357.0,,
2021-05-01,CYP,6444.0,7357.0,69463.0,32.86
2021-05-02,CYP,6798.0,7761.0,,
2021-05-03,CYP,7152.0,8165.0,,
2021-05-04,CYP,7506.0,8569.0,,
2021-05-05,CYP,7860.0,8974.0,,
2021-05-06,CYP,8214.0,9378.0,79631.0,37.95
2021-03-01,HRV,6703.0,1633.0,59983.0,5.19
2021-03-02,HRV,6800.0,1656.0,,
2021-03-03,HRV,6897.0,1680.0,,
2021-03-04,HRV,6819.0,1661.0,60000.0,5.89
2021-03-05,HRV,6977.0,1700.0,,
2021-03-06,HRV,7135.0,1738.0,,
2021-03-07,HRV,7293.0,1776.0,,
2021-03-08,HRV,7451.0,1815.0,63056.0,6.46
2021-03-09,HRV,7349.0,1790.0,,
2021-03-10,HRV,7248.0,1766.0,,
2021-03-11,HRV,7146.0,1741.0,,
2021-03-12,HRV,7593.0,1850.0,67533.0,7.33
2021-03-13,HRV,8072.0,1966.0,,
2021-03-14,HRV,8551.0,2083.0,,
2021-03-15,HRV,9031.0,2200.0,,
2021-03-16,HRV,9063.0,2208.0,,
2021-03-17,HRV,9096.0,2216.0,,
2021-03-18,HRV,9128.0,2223.0,,
2021-03-19,HRV,9161.0,2232.0,76460.0,8.89
2021-03-20,HRV,9070.0,2209.0,,
2021-03-21,HRV,8979.0,2187.0,,
2021-03-22,HRV,8888.0,2165.0,79209.0,9.52
2021-03-23,HRV,8511.0,2073.0,,
2021-03-24,HRV,8134.0,1981.0,,
2021-03-25,HRV,7757.0,1890.0,,
2021-03-26,HRV,7380.0,1798.0,80829.0,10.15
2021-03-27,HRV,7138.0,1739.0,,
2021-03-28,HRV,6895.0,1680.0,81748.0,10.48
2021-03-29,HRV,7872.0,1918.0,,
2021-03-30,HRV,9136.0,2225.0,,
2021-03-31,HRV,10400.0,2533.0,89313.0,11.61
2021-04-01,HRV,12599.0,3069.0,92380.0,12.14
2021-04-02,HRV,14338.0,3493.0,96047.0,12.6
2021-04-03,HRV,13882.0,3382.0,,
2021-04-04,HRV,13425.0,3270.0,98334.0,12.77
2021-04-05,HRV,11376.0,2771.0,,
2021-04-06,HRV,9326.0,2272.0,99027.0,12.82
2021-04-07,HRV,8130.0,1980.0,100808.0,12.99
2021-04-08,HRV,6431.0,1567.0,102546.0,13.24
2021-04-09,HRV,6953.0,1694.0,107023.0,13.78
2021-04-10,HRV,9027.0,2199.0,110409.0,14.22
2021-04-11,HRV,9116.0,2221.0,110566.0,14.33
2021-04-12,HRV,9997.0,2435.0,111544.0,14.5
2021-04-13,HRV,11287.0,2749.0,113822.0,14.75
2021-04-14,HRV,12015.0,2927.0,117283.0,15.04
2021-04-15,HRV,14343.0,3494.0,124459.0,15.68
2021-04-16,HRV,15151.0,3691.0,132352.0,16.37
2021-04-17,HRV,15333.0,3735.0,138706.0,16.84
2021-04-18,HRV,15050.0,3666.0,139647.0,16.89
2021-04-19,HRV,14666.0,3572.0,141063.0,17.0
2021-04-20,HRV,14791.0,3603.0,143796.0,17.27
2021-04-21,HRV,15543.0,3786.0,148042.0,17.69
2021-04-22,HRV,14721.0,3586.0,152906.0,18.19
2021-04-23,HRV,14055.0,3424.0,158429.0,18.76
2021-04-24,HRV,13515.0,3292.0,164792.0,19.14
2021-04-25,HRV,14581.0,3552.0,168381.0,19.38
2021-04-26,HRV,14384.0,3504.0,169609.0,19.46
2021-04-27,HRV,14861.0,3620.0,173420.0,19.8
2021-04-28,HRV,14218.0,3463.0,177130.0,20.12
2021-04-29,HRV,17978.0,4379.0,189969.0,21.26
2021-04-30,HRV,18700.0,4555.0,198650.0,21.95
2021-05-01,HRV,17387.0,4235.0,200518.0,22.11
2021-05-02,HRV,16177.0,3941.0,200702.0,22.14
2021-05-03,HRV,17544.0,4274.0,204666.0,22.45
2021-05-04,HRV,18773.0,4573.0,209842.0,23.0
2021-05-05,HRV,21906.0,5336.0,218376.0,23.85
2021-05-06,HRV,21854.0,5323.0,228792.0,24.98
2021-03-01,BGR,13211.0,1901.0,38775.0,3.22
2021-03-02,BGR,13649.0,1964.0,41525.0,3.51
2021-03-03,BGR,11387.0,1639.0,41873.0,3.57
2021-03-04,BGR,11433.0,1645.0,46712.0,3.86
2021-03-05,BGR,11432.0,1645.0,49938.0,4.09
2021-03-06,BGR,11051.0,1590.0,50051.0,4.13
2021-03-07,BGR,10884.0,1566.0,50056.0,4.15
2021-03-08,BGR,10085.0,1451.0,50653.0,4.23
2021-03-09,BGR,8340.0,1200.0,51644.0,4.35
2021-03-10,BGR,8711.0,1254.0,52735.0,4.45
2021-03-11,BGR,7986.0,1149.0,53859.0,4.67
2021-03-12,BGR,7457.0,1073.0,57336.0,4.85
2021-03-13,BGR,7255.0,1044.0,57767.0,4.86
2021-03-14,BGR,7178.0,1033.0,58417.0,4.88
2021-03-15,BGR,6796.0,978.0,59994.0,4.92
2021-03-16,BGR,6263.0,901.0,61728.0,4.98
2021-03-17,BGR,5937.0,854.0,63752.0,5.05
2021-03-18,BGR,4515.0,650.0,66741.0,5.12
2021-03-19,BGR,3723.0,536.0,69545.0,5.22
2021-03-20,BGR,4092.0,589.0,70753.0,5.28
2021-03-21,BGR,4289.0,617.0,71224.0,5.31
2021-03-22,BGR,4952.0,713.0,73853.0,5.42
2021-03-23,BGR,6116.0,880.0,78390.0,5.6
2021-03-24,BGR,7230.0,1041.0,79977.0,5.78
2021-03-25,BGR,8507.0,1224.0,83134.0,5.98
2021-03-26,BGR,9644.0,1388.0,87108.0,6.19
2021-03-27,BGR,9659.0,1390.0,87766.0,6.25
2021-03-28,BGR,9662.0,1391.0,88214.0,6.28
2021-03-29,BGR,9882.0,1422.0,90327.0,6.41
2021-03-30,BGR,9989.0,1438.0,93081.0,6.6
2021-03-31,BGR,10162.0,1462.0,95003.0,6.8
2021-04-01,BGR,10057.0,1447.0,97407.0,6.99
2021-04-02,BGR,9694.0,1395.0,99882.0,7.17
2021-04-03,BGR,9703.0,1396.0,100564.0,7.23
2021-04-04,BGR,9576.0,1378.0,100877.0,7.25
2021-04-05,BGR,9215.0,1326.0,102427.0,7.34
2021-04-06,BGR,8701.0,1252.0,104845.0,7.48
2021-04-07,BGR,8716.0,1254.0,107747.0,7.68
2021-04-08,BGR,9502.0,1368.0,110077.0,7.95
2021-04-09,BGR,9902.0,1425.0,112685.0,8.17
2021-04-10,BGR,9855.0,1418.0,112978.0,8.22
2021-04-11,BGR,9870.0,1420.0,113253.0,8.24
2021-04-12,BGR,9992.0,1438.0,114644.0,8.35
2021-04-13,BGR,10123.0,1457.0,116423.0,8.5
2021-04-14,BGR,10275.0,1479.0,119879.0,8.71
2021-04-15,BGR,9694.0,1395.0,123381.0,8.93
2021-04-16,BGR,9533.0,1372.0,126884.0,9.13
2021-04-17,BGR,9451.0,1360.0,128020.0,9.17
2021-04-18,BGR,9397.0,1352.0,128538.0,9.19
2021-04-19,BGR,9356.0,1346.0,131069.0,9.29
2021-04-20,BGR,9548.0,1374.0,135377.0,9.46
2021-04-21,BGR,10161.0,1462.0,143185.0,9.74
2021-04-22,BGR,11163.0,1607.0,151817.0,10.05
2021-04-23,BGR,11830.0,1703.0,160221.0,10.32
2021-04-24,BGR,11993.0,1726.0,162765.0,10.38
2021-04-25,BGR,12114.0,1743.0,163966.0,10.41
2021-04-26,BGR,12666.0,1823.0,169868.0,10.57
2021-04-27,BGR,13367.0,1924.0,177975.0,10.81
2021-04-28,BGR,14250.0,2051.0,190535.0,11.17
2021-04-29,BGR,14951.0,2152.0,207667.0,11.56
2021-04-30,BGR,14075.0,2026.0,213354.0,11.74
2021-05-01,BGR,14293.0,2057.0,215074.0,11.82
2021-05-02,BGR,14483.0,2084.0,216195.0,11.87
2021-05-03,BGR,14194.0,2043.0,219833.0,12.0
2021-05-04,BGR,13392.0,1927.0,225387.0,12.16
2021-05-05,BGR,14410.0,2074.0,251202.0,12.62
2021-05-06,BGR,11583.0,1667.0,254505.0,12.73
2021-03-01,BEL,17803.0,1536.0,334794.0,7.5
2021-03-02,BEL,18305.0,1579.0,341557.0,7.7
2021-03-03,BEL,19261.0,1662.0,347540.0,7.96
2021-03-04,BEL,21758.0,1877.0,355947.0,8.38
2021-03-05,BEL,23474.0,2025.0,362314.0,8.75
2021-03-06,BEL,24027.0,2073.0,362907.0,8.83
2021-03-07,BEL,24118.0,2081.0,363084.0,8.84
2021-03-08,BEL,24668.0,2128.0,365044.0,8.99
2021-03-09,BEL,25405.0,2192.0,372068.0,9.23
2021-03-10,BEL,26260.0,2266.0,381084.0,9.54
2021-03-11,BEL,26936.0,2324.0,390972.0,10.0
2021-03-12,BEL,26960.0,2326.0,404183.0,10.38
2021-03-13,BEL,27155.0,2343.0,406236.0,10.47
2021-03-14,BEL,27147.0,2342.0,407508.0,10.48
2021-03-15,BEL,29029.0,2505.0,412127.0,10.74
2021-03-16,BEL,31609.0,2727.0,416261.0,11.14
2021-03-17,BEL,33345.0,2877.0,424972.0,11.56
2021-03-18,BEL,36321.0,3134.0,441495.0,12.2
2021-03-19,BEL,39656.0,3422.0,460082.0,12.78
2021-03-20,BEL,41448.0,3576.0,461429.0,12.97
2021-03-21,BEL,41375.0,3570.0,461940.0,12.98
2021-03-22,BEL,41663.0,3595.0,467059.0,13.26
2021-03-23,BEL,41829.0,3609.0,472612.0,13.67
2021-03-24,BEL,43781.0,3778.0,483020.0,14.2
2021-03-25,BEL,44165.0,3811.0,502547.0,14.87
2021-03-26,BEL,44354.0,3827.0,521201.0,15.46
2021-03-27,BEL,44349.0,3827.0,524935.0,15.65
2021-03-28,BEL,44554.0,3844.0,525880.0,15.67
2021-03-29,BEL,43269.0,3733.0,531074.0,15.87
2021-03-30,BEL,41004.0,3538.0,536706.0,16.15
2021-03-31,BEL,44275.0,3820.0,547826.0,16.87
2021-04-01,BEL,47708.0,4116.0,572408.0,17.75
2021-04-02,BEL,49611.0,4281.0,590341.0,18.45
2021-04-03,BEL,49422.0,4264.0,591715.0,18.63
2021-04-04,BEL,49100.0,4237.0,591780.0,18.63
2021-04-05,BEL,47839.0,4128.0,594411.0,18.76
2021-04-06,BEL,49949.0,4310.0,603501.0,19.16
2021-04-07,BEL,44696.0,3857.0,613213.0,19.57
2021-04-08,BEL,48105.0,4151.0,629483.0,20.65
2021-04-09,BEL,55443.0,4784.0,644163.0,21.8
2021-04-10,BEL,62176.0,5365.0,648133.0,22.39
2021-04-11,BEL,62718.0,5412.0,648444.0,22.42
2021-04-12,BEL,67568.0,5830.0,657391.0,22.84
2021-04-13,BEL,71209.0,6144.0,665662.0,23.46
2021-04-14,BEL,78731.0,6793.0,690234.0,24.33
2021-04-15,BEL,76743.0,6622.0,716760.0,25.29
2021-04-16,BEL,71094.0,6134.0,734001.0,26.1
2021-04-17,BEL,69683.0,6013.0,739752.0,26.6
2021-04-18,BEL,69982.0,6038.0,739819.0,26.65
2021-04-19,BEL,71742.0,6190.0,744109.0,27.17
2021-04-20,BEL,68574.0,5917.0,747130.0,27.61
2021-04-21,BEL,67334.0,5810.0,751559.0,28.4
2021-04-22,BEL,64977.0,5606.0,757338.0,29.21
2021-04-23,BEL,61750.0,5328.0,764181.0,29.83
2021-04-24,BEL,60046.0,5181.0,765857.0,30.22
2021-04-25,BEL,60090.0,5185.0,765872.0,30.28
2021-04-26,BEL,60341.0,5206.0,772588.0,30.82
2021-04-27,BEL,60714.0,5239.0,786997.0,31.27
2021-04-28,BEL,61081.0,5270.0,802071.0,32.08
2021-04-29,BEL,62593.0,5401.0,821466.0,32.99
2021-04-30,BEL,64108.0,5532.0,843701.0,33.7
2021-05-01,BEL,64254.0,5544.0,851664.0,34.1
2021-05-02,BEL,63867.0,5511.0,851759.0,34.14
2021-05-03,BEL,66117.0,5705.0,866685.0,34.81
2021-05-04,BEL,70291.0,6065.0,885501.0,35.52
2021-05-05,BEL,78699.0,6790.0,959191.0,36.84
2021-05-06,BEL,86328.0,7449.0,1035481.0,38.21
2021-03-01,AUT,18155.0,2016.0,245626.0,7.82
2021-03-02,AUT,19651.0,2182.0,247958.0,8.1
2021-03-03,AUT,20801.0,2310.0,250302.0,8.41
2021-03-04,AUT,21842.0,2425.0,253064.0,8.72
2021-03-05,AUT,22963.0,2550.0,256021.0,9.12
2021-03-06,AUT,23413.0,2600.0,258512.0,9.43
2021-03-07,AUT,23667.0,2628.0,259166.0,9.57
2021-03-08,AUT,24070.0,2673.0,260552.0,9.69
2021-03-09,AUT,24487.0,2719.0,264071.0,10.01
2021-03-10,AUT,24623.0,2734.0,268559.0,10.33
2021-03-11,AUT,27102.0,3009.0,273944.0,10.82
2021-03-12,AUT,30159.0,3349.0,279328.0,11.47
2021-03-13,AUT,33605.0,3731.0,285061.0,12.05
2021-03-14,AUT,36149.0,4014.0,289275.0,12.38
2021-03-15,AUT,37498.0,4163.0,291576.0,12.61
2021-03-16,AUT,37515.0,4165.0,297906.0,12.92
2021-03-17,AUT,38294.0,4252.0,306021.0,13.3
2021-03-18,AUT,36880.0,4095.0,314073.0,13.69
2021-03-19,AUT,36244.0,4024.0,322666.0,14.28
2021-03-20,AUT,35530.0,3945.0,332237.0,14.81
2021-03-21,AUT,33504.0,3720.0,336110.0,14.98
2021-03-22,AUT,32767.0,3638.0,338622.0,15.15
2021-03-23,AUT,33776.0,3750.0,355116.0,15.55
2021-03-24,AUT,34504.0,3831.0,372948.0,15.99
2021-03-25,AUT,36077.0,4006.0,389310.0,16.49
2021-03-26,AUT,35621.0,3955.0,407836.0,17.05
2021-03-27,AUT,34788.0,3863.0,422426.0,17.51
2021-03-28,AUT,34650.0,3847.0,427102.0,17.67
2021-03-29,AUT,36173.0,4016.0,432599.0,17.97
2021-03-30,AUT,36975.0,4105.0,444277.0,18.42
2021-03-31,AUT,36369.0,4038.0,457258.0,18.81
2021-04-01,AUT,35802.0,3975.0,476268.0,19.27
2021-04-02,AUT,34817.0,3866.0,495277.0,19.76
2021-04-03,AUT,32017.0,3555.0,504237.0,20.0
2021-04-04,AUT,31370.0,3483.0,505991.0,20.11
2021-04-05,AUT,29378.0,3262.0,510751.0,20.25
2021-04-06,AUT,28946.0,3214.0,522645.0,20.67
2021-04-07,AUT,31841.0,3535.0,538684.0,21.29
2021-04-08,AUT,36167.0,4016.0,564176.0,22.09
2021-04-09,AUT,41049.0,4558.0,597007.0,22.95
2021-04-10,AUT,47245.0,5246.0,625688.0,23.67
2021-04-11,AUT,49508.0,5497.0,641251.0,23.96
2021-04-12,AUT,52658.0,5847.0,648146.0,24.34
2021-04-13,AUT,53600.0,5951.0,659626.0,24.84
2021-04-14,AUT,55201.0,6129.0,672965.0,25.58
2021-04-15,AUT,55376.0,6149.0,691707.0,26.39
2021-04-16,AUT,54208.0,6019.0,709976.0,27.16
2021-04-17,AUT,53023.0,5887.0,731188.0,27.79
2021-04-18,AUT,52053.0,5780.0,735461.0,28.0
2021-04-19,AUT,51580.0,5727.0,741079.0,28.35
2021-04-20,AUT,51594.0,5729.0,753517.0,28.85
2021-04-21,AUT,50985.0,5661.0,764116.0,29.54
2021-04-22,AUT,50526.0,5610.0,774555.0,30.32
2021-04-23,AUT,50200.0,5574.0,785703.0,31.06
2021-04-24,AUT,47785.0,5306.0,791480.0,31.51
2021-04-25,AUT,49006.0,5441.0,793268.0,31.81
2021-04-26,AUT,48888.0,5428.0,796692.0,32.15
2021-04-27,AUT,49283.0,5472.0,807796.0,32.68
2021-04-28,AUT,48558.0,5391.0,821850.0,33.31
2021-04-29,AUT,49284.0,5472.0,836513.0,34.15
2021-04-30,AUT,50978.0,5660.0,850012.0,35.03
2021-05-01,AUT,51227.0,5688.0,858020.0,35.49
2021-05-02,AUT,49656.0,5513.0,859389.0,35.67
2021-05-03,AUT,49398.0,5485.0,871459.0,35.99
2021-05-04,AUT,51237.0,5689.0,893032.0,36.66
2021-05-05,AUT,53980.0,5994.0,910668.0,37.51
2021-05-06,AUT,56901.0,6318.0,930585.0,38.57
